Dataset,TrainingRelease,%DataTraining,%BugInTraining,%BugInTesting,Classifier,Balancing,Selection,CostSensitive,TP,FP,TN,FN,Precision,Recall,AUC,Kappa
BOOKKEEPER,1,33.33,45.91,40.08,Random Forest,No sampling,No selection,No cost sensitive,274.0,3.0,203.0,34.0,0.9891696750902527,0.8896103896103896,0.9595810742655403,0.8537729320764583,
BOOKKEEPER,2,60.0,42.02,40.08,Random Forest,No sampling,No selection,No cost sensitive,308.0,0.0,206.0,0.0,1.0,1.0,1.0,1.0,
BOOKKEEPER,3,66.67,42.02,36.32,Random Forest,No sampling,No selection,No cost sensitive,447.0,32.0,248.0,44.0,0.9331941544885177,0.9103869653767821,0.9580993599068955,0.788837155665749,
BOOKKEEPER,4,76.47,41.01,36.19,Random Forest,No sampling,No selection,No cost sensitive,653.0,37.0,335.0,3.0,0.946376811594203,0.9954268292682927,0.9815065237345922,0.9140482600625408,
BOOKKEEPER,5,84.38,40.81,39.07,Random Forest,No sampling,No selection,No cost sensitive,782.0,78.0,424.0,1.0,0.9093023255813953,0.9987228607918263,0.979339347590481,0.8672129968148908,
BOOKKEEPER,6,90.16,40.99,36.19,Random Forest,No sampling,No selection,No cost sensitive,903.0,54.0,504.0,81.0,0.9435736677115988,0.9176829268292683,0.9677155272896815,0.8123996301523188,
BOOKKEEPER,output-mean,68.5,42.13,37.99,Random Forest,No sampling,No selection,No cost sensitive,561.1666666666666,34.0,320.0,27.166666666666668,0.9536027724109944,0.9519716619794266,0.9743736387978651,0.8727118291286596,
BOOKKEEPER,1,33.33,45.91,40.08,Random Forest,No sampling,No selection,Sensitive threshold,294.0,83.0,123.0,14.0,0.7798408488063661,0.9545454545454546,0.9566574202496533,0.5840244289075407,
BOOKKEEPER,2,60.0,42.02,40.08,Random Forest,No sampling,No selection,Sensitive threshold,308.0,52.0,154.0,0.0,0.8555555555555555,1.0,0.9999211953095448,0.7801829067701823,
BOOKKEEPER,3,66.67,42.02,36.32,Random Forest,No sampling,No selection,Sensitive threshold,455.0,39.0,241.0,36.0,0.9210526315789473,0.9266802443991853,0.9492253418679081,0.789211415573385,
BOOKKEEPER,4,76.47,41.01,36.19,Random Forest,No sampling,No selection,Sensitive threshold,654.0,90.0,282.0,2.0,0.8790322580645161,0.9969512195121951,0.9771484887227905,0.7957639416764564,
BOOKKEEPER,5,84.38,40.81,39.07,Random Forest,No sampling,No selection,Sensitive threshold,782.0,157.0,345.0,1.0,0.832800851970181,0.9987228607918263,0.9789157546060967,0.7264837746667098,
BOOKKEEPER,6,90.16,40.99,36.19,Random Forest,No sampling,No selection,Sensitive threshold,942.0,134.0,424.0,42.0,0.8754646840148699,0.9573170731707317,0.960859413701664,0.7437164290732724,
BOOKKEEPER,output-mean,68.5,42.13,37.99,Random Forest,No sampling,No selection,Sensitive threshold,572.5,92.5,261.5,15.833333333333334,0.8572911383317393,0.972369475403232,0.9704546024096096,0.7365638161112577,
BOOKKEEPER,1,33.33,45.91,40.08,Random Forest,No sampling,No selection,Sensitive learning,292.0,71.0,135.0,16.0,0.8044077134986226,0.948051948051948,0.8016958769385953,0.6313012219052488,
BOOKKEEPER,2,60.0,42.02,40.08,Random Forest,No sampling,No selection,Sensitive learning,308.0,20.0,186.0,0.0,0.9390243902439024,1.0,0.9514563106796117,0.9176651502530916,
BOOKKEEPER,3,66.67,42.02,36.32,Random Forest,No sampling,No selection,Sensitive learning,470.0,40.0,240.0,21.0,0.9215686274509803,0.9572301425661914,0.9071864998545243,0.8264224896752548,
BOOKKEEPER,4,76.47,41.01,36.19,Random Forest,No sampling,No selection,Sensitive learning,655.0,96.0,276.0,1.0,0.8721704394141145,0.9984756097560976,0.8702055468135327,0.7837357184374214,
BOOKKEEPER,5,84.38,40.81,39.07,Random Forest,No sampling,No selection,Sensitive learning,782.0,140.0,362.0,1.0,0.8481561822125814,0.9987228607918263,0.859919199320216,0.7574734999123244,
BOOKKEEPER,6,90.16,40.99,36.19,Random Forest,No sampling,No selection,Sensitive learning,949.0,133.0,425.0,35.0,0.8770794824399261,0.9644308943089431,0.8630398199143282,0.7547737780150626,
BOOKKEEPER,output-mean,68.5,42.13,37.99,Random Forest,No sampling,No selection,Sensitive learning,576.0,83.33333333333333,270.6666666666667,12.333333333333334,0.877067805876688,0.9778185759125012,0.8755838755868014,0.7785619763664006,
BOOKKEEPER,1,35.1,50.0,50.0,Random Forest,Oversampling,No selection,No cost sensitive,232.0,5.0,201.0,76.0,0.9789029535864979,0.7532467532467533,0.9364361366788552,0.6896181544379668,
BOOKKEEPER,2,63.49,50.0,50.0,Random Forest,Oversampling,No selection,No cost sensitive,290.0,9.0,197.0,18.0,0.9698996655518395,0.9415584415584416,0.9903385449501955,0.8914203451891028,
BOOKKEEPER,3,69.87,50.0,50.0,Random Forest,Oversampling,No selection,No cost sensitive,444.0,34.0,246.0,47.0,0.9288702928870293,0.9042769857433809,0.9516075065464068,0.7751158611898323,
BOOKKEEPER,4,79.32,50.0,50.0,Random Forest,Oversampling,No selection,No cost sensitive,605.0,46.0,326.0,51.0,0.9293394777265745,0.9222560975609756,0.9596077563598217,0.7962834331663547,
BOOKKEEPER,5,86.47,50.0,50.0,Random Forest,Oversampling,No selection,No cost sensitive,776.0,91.0,411.0,7.0,0.895040369088812,0.9910600255427842,0.9736036696127368,0.8348519660917371,
BOOKKEEPER,6,91.54,50.0,50.0,Random Forest,Oversampling,No selection,No cost sensitive,912.0,80.0,478.0,72.0,0.9193548387096774,0.926829268292683,0.9588505696884926,0.7858990660762046,
BOOKKEEPER,output-mean,70.97,50.0,50.0,Random Forest,Oversampling,No selection,No cost sensitive,543.1666666666666,44.166666666666664,309.8333333333333,45.166666666666664,0.936901266258405,0.906537928657503,0.9617406973060847,0.7955314710251997,
BOOKKEEPER,1,35.1,50.0,50.0,Random Forest,Oversampling,No selection,Sensitive threshold,277.0,66.0,140.0,31.0,0.8075801749271136,0.8993506493506493,0.911754507628294,0.5957219077891117,
BOOKKEEPER,2,63.49,50.0,50.0,Random Forest,Oversampling,No selection,Sensitive threshold,303.0,59.0,147.0,5.0,0.8370165745856354,0.9837662337662337,0.9649003908712647,0.729001219230896,
BOOKKEEPER,3,69.87,50.0,50.0,Random Forest,Oversampling,No selection,Sensitive threshold,444.0,49.0,231.0,47.0,0.9006085192697769,0.9042769857433809,0.9353178644166424,0.7303979776934341,
BOOKKEEPER,4,79.32,50.0,50.0,Random Forest,Oversampling,No selection,Sensitive threshold,608.0,82.0,290.0,48.0,0.881159420289855,0.926829268292683,0.9336439483346446,0.7206568452032575,
BOOKKEEPER,5,86.47,50.0,50.0,Random Forest,Oversampling,No selection,Sensitive threshold,771.0,131.0,371.0,12.0,0.8547671840354767,0.9846743295019157,0.9434471564571854,0.755869923062922,
BOOKKEEPER,6,91.54,50.0,50.0,Random Forest,Oversampling,No selection,Sensitive threshold,932.0,135.0,423.0,52.0,0.8734770384254921,0.9471544715447154,0.9435001238453244,0.7286810326820262,
BOOKKEEPER,output-mean,70.97,50.0,50.0,Random Forest,Oversampling,No selection,Sensitive threshold,555.8333333333334,87.0,267.0,32.5,0.8591014852555584,0.9410086563665964,0.9387606652588926,0.7100548176102746,
BOOKKEEPER,1,35.1,50.0,50.0,Random Forest,Oversampling,No selection,Sensitive learning,278.0,47.0,159.0,30.0,0.8553846153846154,0.9025974025974026,0.8372210313957886,0.6837858135855931,
BOOKKEEPER,2,63.49,50.0,50.0,Random Forest,Oversampling,No selection,Sensitive learning,304.0,43.0,163.0,4.0,0.8760806916426513,0.987012987012987,0.8891375614676585,0.8034624709155697,
BOOKKEEPER,3,69.87,50.0,50.0,Random Forest,Oversampling,No selection,Sensitive learning,469.0,47.0,233.0,22.0,0.9089147286821705,0.955193482688391,0.8936681699156241,0.802736525946938,
BOOKKEEPER,4,79.32,50.0,50.0,Random Forest,Oversampling,No selection,Sensitive learning,638.0,73.0,299.0,18.0,0.8973277074542897,0.9725609756097561,0.8881622082349856,0.8019913471226219,
BOOKKEEPER,5,86.47,50.0,50.0,Random Forest,Oversampling,No selection,Sensitive learning,782.0,149.0,353.0,1.0,0.8399570354457573,0.9987228607918263,0.8509550558939212,0.7411167103623156,
BOOKKEEPER,6,91.54,50.0,50.0,Random Forest,Oversampling,No selection,Sensitive learning,944.0,131.0,427.0,40.0,0.878139534883721,0.959349593495935,0.8622912842031646,0.751097342025226,
BOOKKEEPER,output-mean,70.97,50.0,50.0,Random Forest,Oversampling,No selection,Sensitive learning,569.1666666666666,81.66666666666667,272.3333333333333,19.166666666666668,0.8759673855822009,0.9625728836993829,0.8702392185185238,0.7640317016597106,
BOOKKEEPER,1,31.47,50.0,50.0,Random Forest,Undersampling,No selection,No cost sensitive,268.0,4.0,202.0,40.0,0.9852941176470589,0.8701298701298701,0.9573587819947044,0.826787574290791,
BOOKKEEPER,2,55.77,50.0,50.0,Random Forest,Undersampling,No selection,No cost sensitive,301.0,0.0,206.0,7.0,1.0,0.9772727272727273,0.9988021687050813,0.9718047174986287,
BOOKKEEPER,3,62.7,50.0,50.0,Random Forest,Undersampling,No selection,No cost sensitive,445.0,32.0,248.0,46.0,0.9329140461215933,0.9063136456211812,0.9642202502182136,0.7836093179904575,
BOOKKEEPER,4,72.72,50.0,50.0,Random Forest,Undersampling,No selection,No cost sensitive,621.0,35.0,337.0,35.0,0.9466463414634146,0.9466463414634146,0.9733518554943614,0.8525603199580384,
BOOKKEEPER,5,81.51,50.0,50.0,Random Forest,Undersampling,No selection,No cost sensitive,778.0,78.0,424.0,5.0,0.9088785046728972,0.9936143039591315,0.9728709682343423,0.860694418503198,
BOOKKEEPER,6,88.26,50.0,50.0,Random Forest,Undersampling,No selection,No cost sensitive,903.0,54.0,504.0,81.0,0.9435736677115988,0.9176829268292683,0.9651976425678235,0.8123996301523188,
BOOKKEEPER,output-mean,65.41,50.0,50.0,Random Forest,Undersampling,No selection,No cost sensitive,552.6666666666666,33.833333333333336,320.1666666666667,35.666666666666664,0.9528844462694271,0.9352766358792656,0.9719669445357545,0.8513093297322388,
BOOKKEEPER,1,31.47,50.0,50.0,Random Forest,Undersampling,No selection,Sensitive threshold,236.0,26.0,180.0,72.0,0.9007633587786259,0.7662337662337663,0.9025185979069474,0.6171991366993951,
BOOKKEEPER,2,55.77,50.0,50.0,Random Forest,Undersampling,No selection,Sensitive threshold,242.0,15.0,191.0,66.0,0.9416342412451362,0.7857142857142857,0.9363336905812634,0.6848249027237354,
BOOKKEEPER,3,62.7,50.0,50.0,Random Forest,Undersampling,No selection,Sensitive threshold,395.0,32.0,248.0,96.0,0.9250585480093677,0.8044806517311609,0.9185045097468723,0.6578845193854347,
BOOKKEEPER,4,72.72,50.0,50.0,Random Forest,Undersampling,No selection,Sensitive threshold,568.0,77.0,295.0,88.0,0.8806201550387597,0.8658536585365854,0.9154455153422502,0.6546739741198889,
BOOKKEEPER,5,81.51,50.0,50.0,Random Forest,Undersampling,No selection,Sensitive threshold,721.0,112.0,390.0,62.0,0.865546218487395,0.9208173690932312,0.9236769397505762,0.7104064076095545,
BOOKKEEPER,6,88.26,50.0,50.0,Random Forest,Undersampling,No selection,Sensitive threshold,874.0,110.0,448.0,110.0,0.8882113821138211,0.8882113821138211,0.9173332459131043,0.6910787656263658,
BOOKKEEPER,output-mean,65.41,50.0,50.0,Random Forest,Undersampling,No selection,Sensitive threshold,506.0,62.0,292.0,82.33333333333333,0.9003056506121844,0.8385518522371417,0.9189687498735023,0.6693446176940624,
BOOKKEEPER,1,31.47,50.0,50.0,Random Forest,Undersampling,No selection,Sensitive learning,294.0,72.0,134.0,14.0,0.8032786885245902,0.9545454545454546,0.8025154457193292,0.6346172921143991,
BOOKKEEPER,2,55.77,50.0,50.0,Random Forest,Undersampling,No selection,Sensitive learning,305.0,13.0,193.0,3.0,0.9591194968553459,0.9902597402597403,0.9635764720716177,0.9346658616416156,
BOOKKEEPER,3,62.7,50.0,50.0,Random Forest,Undersampling,No selection,Sensitive learning,467.0,36.0,244.0,24.0,0.9284294234592445,0.9511201629327902,0.9112743671806808,0.8301936658493254,
BOOKKEEPER,4,72.72,50.0,50.0,Random Forest,Undersampling,No selection,Sensitive learning,639.0,86.0,286.0,17.0,0.8813793103448276,0.9740853658536586,0.8714512850773669,0.7739781585935432,
BOOKKEEPER,5,81.51,50.0,50.0,Random Forest,Undersampling,No selection,Sensitive learning,782.0,136.0,366.0,1.0,0.8518518518518519,0.9987228607918263,0.8639032630652359,0.7647076906215877,
BOOKKEEPER,6,88.26,50.0,50.0,Random Forest,Undersampling,No selection,Sensitive learning,948.0,127.0,431.0,36.0,0.881860465116279,0.9634146341463414,0.8679080339190489,0.7627419108193677,
BOOKKEEPER,output-mean,65.41,50.0,50.0,Random Forest,Undersampling,No selection,Sensitive learning,572.5,78.33333333333333,275.6666666666667,15.833333333333334,0.8843198726920232,0.9720247030883019,0.8801048111722132,0.7834840966066398,
BOOKKEEPER,1,42.18,50.0,50.0,Random Forest,Smote,No selection,No cost sensitive,271.0,2.0,204.0,37.0,0.9926739926739927,0.8798701298701299,0.9552625772285966,0.8463507733815708,
BOOKKEEPER,2,68.05,50.0,50.0,Random Forest,Smote,No selection,No cost sensitive,308.0,0.0,206.0,0.0,1.0,1.0,1.0,1.0,
BOOKKEEPER,3,73.96,50.0,50.0,Random Forest,Smote,No selection,No cost sensitive,446.0,32.0,248.0,45.0,0.9330543933054394,0.9083503054989817,0.9612416351469305,0.7862212507607048,
BOOKKEEPER,4,82.09,50.0,50.0,Random Forest,Smote,No selection,No cost sensitive,653.0,36.0,336.0,3.0,0.9477503628447025,0.9954268292682927,0.9811028881458169,0.9162467724549398,
BOOKKEEPER,5,88.38,50.0,50.0,Random Forest,Smote,No selection,No cost sensitive,782.0,76.0,426.0,1.0,0.9114219114219114,0.9987228607918263,0.9781919575847313,0.8706697670892495,
BOOKKEEPER,6,92.82,50.0,50.0,Random Forest,Smote,No selection,No cost sensitive,903.0,53.0,505.0,81.0,0.944560669456067,0.9176829268292683,0.9671773465046478,0.8138607225477266,
BOOKKEEPER,output-mean,74.58,50.0,50.0,Random Forest,Smote,No selection,No cost sensitive,560.5,33.166666666666664,320.8333333333333,27.833333333333332,0.9549102216170188,0.9500088420430832,0.9738294007684538,0.872224881039032,
BOOKKEEPER,1,42.18,50.0,50.0,Random Forest,Smote,No selection,Sensitive threshold,278.0,35.0,171.0,30.0,0.8881789137380192,0.9025974025974026,0.953213655276762,0.7356511005965851,
BOOKKEEPER,2,68.05,50.0,50.0,Random Forest,Smote,No selection,Sensitive threshold,308.0,6.0,200.0,0.0,0.9808917197452229,1.0,1.0,0.975578854011593,
BOOKKEEPER,3,73.96,50.0,50.0,Random Forest,Smote,No selection,Sensitive threshold,446.0,32.0,248.0,45.0,0.9330543933054394,0.9083503054989817,0.9498399767238871,0.7862212507607048,
BOOKKEEPER,4,82.09,50.0,50.0,Random Forest,Smote,No selection,Sensitive threshold,654.0,79.0,293.0,2.0,0.8922237380627558,0.9969512195121951,0.9804472364280095,0.8213884289011487,
BOOKKEEPER,5,88.38,50.0,50.0,Random Forest,Smote,No selection,Sensitive threshold,782.0,123.0,379.0,1.0,0.8640883977900552,0.9987228607918263,0.9765001297492024,0.7880694287424354,
BOOKKEEPER,6,92.82,50.0,50.0,Random Forest,Smote,No selection,Sensitive threshold,929.0,110.0,448.0,55.0,0.8941289701636189,0.9441056910569106,0.9616589445464347,0.763257945834892,
BOOKKEEPER,output-mean,74.58,50.0,50.0,Random Forest,Smote,No selection,Sensitive threshold,566.1666666666666,64.16666666666667,289.8333333333333,22.166666666666668,0.9087610221341853,0.9584545799095529,0.9702766571207159,0.8116945014745598,
BOOKKEEPER,1,42.18,50.0,50.0,Random Forest,Smote,No selection,Sensitive learning,285.0,52.0,154.0,23.0,0.8456973293768546,0.9253246753246753,0.8364487454293279,0.6889573819167647,
BOOKKEEPER,2,68.05,50.0,50.0,Random Forest,Smote,No selection,Sensitive learning,308.0,10.0,196.0,0.0,0.9685534591194969,1.0,0.9757281553398058,0.9591661635260096,
BOOKKEEPER,3,73.96,50.0,50.0,Random Forest,Smote,No selection,Sensitive learning,464.0,36.0,244.0,27.0,0.928,0.945010183299389,0.9082193773639802,0.822116669901597,
BOOKKEEPER,4,82.09,50.0,50.0,Random Forest,Smote,No selection,Sensitive learning,655.0,97.0,275.0,1.0,0.8710106382978723,0.9984756097560976,0.8688614607920273,0.7813715277777777,
BOOKKEEPER,5,88.38,50.0,50.0,Random Forest,Smote,No selection,Sensitive learning,782.0,131.0,371.0,1.0,0.8565169769989047,0.9987228607918263,0.8688833427465108,0.7737199207045873,
BOOKKEEPER,6,92.82,50.0,50.0,Random Forest,Smote,No selection,Sensitive learning,946.0,116.0,442.0,38.0,0.8907721280602636,0.9613821138211383,0.87674840458082,0.777007763992653,
BOOKKEEPER,output-mean,74.58,50.0,50.0,Random Forest,Smote,No selection,Sensitive learning,573.3333333333334,73.66666666666667,280.3333333333333,15.0,0.893425088642232,0.9714859071655212,0.8891482477087452,0.8003899046365649,
BOOKKEEPER,1,50.0,45.91,45.91,Random Forest,No sampling,Best First,No cost sensitive,139.0,0.0,118.0,0.0,1.0,1.0,1.0,1.0,
BOOKKEEPER,2,50.0,42.02,42.02,Random Forest,No sampling,Best First,No cost sensitive,413.0,4.0,320.0,34.0,0.9904076738609112,0.9239373601789709,0.9909685972325794,0.900124767339592,
BOOKKEEPER,3,50.0,42.02,42.02,Random Forest,No sampling,Best First,No cost sensitive,826.0,8.0,640.0,68.0,0.9904076738609112,0.9239373601789709,0.9909685972325794,0.900124767339592,
BOOKKEEPER,4,50.0,41.01,41.01,Random Forest,No sampling,Best First,No cost sensitive,1970.0,10.0,1360.0,1.0,0.9949494949494949,0.9994926433282597,0.9995722649957226,0.9931881172116117,
BOOKKEEPER,5,50.0,40.81,40.81,Random Forest,No sampling,Best First,No cost sensitive,4105.0,33.0,2799.0,2.0,0.9920251329144514,0.9995130265400536,0.9994967768959981,0.9895418340203604,
BOOKKEEPER,6,50.0,40.99,40.99,Random Forest,No sampling,Best First,No cost sensitive,8305.0,72.0,5722.0,36.0,0.9914050376029605,0.9956839707469128,0.9994075971335229,0.9841909727345489,
BOOKKEEPER,output-mean,50.0,42.13,42.13,Random Forest,No sampling,Best First,No cost sensitive,2626.3333333333335,21.166666666666668,1826.5,23.5,0.9931991688647881,0.9737607268288614,0.9967356389150671,0.9611950764409508,
BOOKKEEPER,1,50.0,45.91,45.91,Random Forest,No sampling,Best First,Sensitive threshold,139.0,49.0,69.0,0.0,0.7393617021276596,1.0,1.0,0.603682140047207,
BOOKKEEPER,2,50.0,42.02,42.02,Random Forest,No sampling,Best First,Sensitive threshold,447.0,90.0,234.0,0.0,0.8324022346368715,1.0,0.9909685972325794,0.7509207210699748,
BOOKKEEPER,3,50.0,42.02,42.02,Random Forest,No sampling,Best First,Sensitive threshold,894.0,144.0,504.0,0.0,0.861271676300578,1.0,0.9909685972325794,0.8023076923076923,
BOOKKEEPER,4,50.0,41.01,41.01,Random Forest,No sampling,Best First,Sensitive threshold,1970.0,40.0,1330.0,1.0,0.9800995024875622,0.9994926433282597,0.9994835701615024,0.9745251205063845,
BOOKKEEPER,5,50.0,40.81,40.81,Random Forest,No sampling,Best First,Sensitive threshold,4105.0,97.0,2735.0,2.0,0.9769157544026654,0.9995130265400536,0.9994046955796841,0.9703140190216268,
BOOKKEEPER,6,50.0,40.99,40.99,Random Forest,No sampling,Best First,Sensitive threshold,8337.0,201.0,5593.0,4.0,0.9764581869290232,0.9995204411941014,0.9993849600376629,0.9698641495507367,
BOOKKEEPER,output-mean,50.0,42.13,42.13,Random Forest,No sampling,Best First,Sensitive threshold,2648.6666666666665,103.5,1744.1666666666667,1.1666666666666667,0.8944181761473934,0.9997543518437357,0.9967017367073346,0.8452689737506037,
BOOKKEEPER,1,50.0,45.91,45.91,Random Forest,No sampling,Best First,Sensitive learning,139.0,36.0,82.0,0.0,0.7942857142857143,1.0,0.847457627118644,0.7113080379430855,
BOOKKEEPER,2,50.0,42.02,42.02,Random Forest,No sampling,Best First,Sensitive learning,447.0,72.0,252.0,0.0,0.861271676300578,1.0,0.8888888888888888,0.8023076923076923,
BOOKKEEPER,3,50.0,42.02,42.02,Random Forest,No sampling,Best First,Sensitive learning,894.0,144.0,504.0,0.0,0.861271676300578,1.0,0.8888888888888888,0.8023076923076923,
BOOKKEEPER,4,50.0,41.01,41.01,Random Forest,No sampling,Best First,Sensitive learning,1970.0,35.0,1335.0,1.0,0.9825436408977556,0.9994926433282597,0.9869725990363927,0.9776443066363377,
BOOKKEEPER,5,50.0,40.81,40.81,Random Forest,No sampling,Best First,Sensitive learning,4105.0,64.0,2768.0,2.0,0.9846485967858,0.9995130265400536,0.9884570782417782,0.9802452642233762,
BOOKKEEPER,6,50.0,40.99,40.99,Random Forest,No sampling,Best First,Sensitive learning,8337.0,178.0,5616.0,4.0,0.9790957134468585,0.9995204411941014,0.9843995026129292,0.9732615351899283,
BOOKKEEPER,output-mean,50.0,42.13,42.13,Random Forest,No sampling,Best First,Sensitive learning,2648.6666666666665,88.16666666666667,1759.5,1.1666666666666667,0.9105195030028806,0.9997543518437357,0.930844097464587,0.8745124214346855,
BOOKKEEPER,1,51.96,50.0,50.0,Random Forest,Oversampling,Best First,No cost sensitive,118.0,5.0,113.0,21.0,0.959349593495935,0.8489208633093526,0.9662845994390928,0.7983705491852746,
BOOKKEEPER,2,53.69,50.0,50.0,Random Forest,Oversampling,Best First,No cost sensitive,414.0,27.0,297.0,33.0,0.9387755102040817,0.9261744966442953,0.9724707929405916,0.8406991879997522,
BOOKKEEPER,3,53.69,50.0,50.0,Random Forest,Oversampling,Best First,No cost sensitive,836.0,40.0,608.0,58.0,0.954337899543379,0.9351230425055929,0.9820925511641395,0.8700694379958935,
BOOKKEEPER,4,54.13,50.0,50.0,Random Forest,Oversampling,Best First,No cost sensitive,1935.0,18.0,1352.0,36.0,0.9907834101382489,0.9817351598173516,0.9969477126361438,0.9666601248706885,
BOOKKEEPER,5,54.21,50.0,50.0,Random Forest,Oversampling,Best First,No cost sensitive,4094.0,44.0,2788.0,13.0,0.9893668438859352,0.9968346725103482,0.9988693170953822,0.9829681296903011,
BOOKKEEPER,6,54.13,50.0,50.0,Random Forest,Oversampling,Best First,No cost sensitive,8300.0,85.0,5709.0,41.0,0.9898628503279666,0.9950845222395396,0.9988864473196913,0.9815522421823792,
BOOKKEEPER,output-mean,53.64,50.0,50.0,Random Forest,Oversampling,Best First,No cost sensitive,2616.1666666666665,36.5,1811.1666666666667,33.666666666666664,0.9704126845992577,0.9473121261710801,0.9859252367658402,0.9067199453207149,
BOOKKEEPER,1,51.96,50.0,50.0,Random Forest,Oversampling,Best First,Sensitive threshold,133.0,39.0,79.0,6.0,0.7732558139534884,0.9568345323741008,0.9433910498719669,0.6398430444396,
BOOKKEEPER,2,53.69,50.0,50.0,Random Forest,Oversampling,Best First,Sensitive threshold,428.0,103.0,221.0,19.0,0.8060263653483992,0.9574944071588367,0.9304830557626979,0.663251278085664,
BOOKKEEPER,3,53.69,50.0,50.0,Random Forest,Oversampling,Best First,Sensitive threshold,854.0,94.0,554.0,40.0,0.9008438818565401,0.9552572706935123,0.9582608335404756,0.8195924354340195,
BOOKKEEPER,4,54.13,50.0,50.0,Random Forest,Oversampling,Best First,Sensitive threshold,1924.0,88.0,1282.0,47.0,0.9562624254473161,0.976154236428209,0.9918808119188082,0.9161005442996605,
BOOKKEEPER,5,54.21,50.0,50.0,Random Forest,Oversampling,Best First,Sensitive threshold,4094.0,92.0,2740.0,13.0,0.978021978021978,0.9968346725103482,0.994797319651305,0.9685426000924041,
BOOKKEEPER,6,54.13,50.0,50.0,Random Forest,Oversampling,Best First,Sensitive threshold,8292.0,154.0,5640.0,49.0,0.9817665166942932,0.9941254046277425,0.996272504201209,0.9702307047885478,
BOOKKEEPER,output-mean,53.64,50.0,50.0,Random Forest,Oversampling,Best First,Sensitive threshold,2620.8333333333335,95.0,1752.6666666666667,29.0,0.8993628302203359,0.9727834206321249,0.9691809291577438,0.829593434523316,
BOOKKEEPER,1,51.96,50.0,50.0,Random Forest,Oversampling,Best First,Sensitive learning,129.0,18.0,100.0,10.0,0.8775510204081632,0.9280575539568345,0.8877575905377393,0.7795072925603629,
BOOKKEEPER,2,53.69,50.0,50.0,Random Forest,Oversampling,Best First,Sensitive learning,434.0,67.0,257.0,13.0,0.8662674650698603,0.970917225950783,0.8820635512469964,0.7820602514363248,
BOOKKEEPER,3,53.69,50.0,50.0,Random Forest,Oversampling,Best First,Sensitive learning,880.0,122.0,526.0,14.0,0.8782435129740519,0.9843400447427293,0.8980342199022289,0.814751213720876,
BOOKKEEPER,4,54.13,50.0,50.0,Random Forest,Oversampling,Best First,Sensitive learning,1959.0,34.0,1336.0,12.0,0.982940291018565,0.9939117199391172,0.984547100845471,0.9714726325789568,
BOOKKEEPER,5,54.21,50.0,50.0,Random Forest,Oversampling,Best First,Sensitive learning,4104.0,73.0,2759.0,3.0,0.9825233421115633,0.9992695398100804,0.9867463518259442,0.9772421094768098,
BOOKKEEPER,6,54.13,50.0,50.0,Random Forest,Oversampling,Best First,Sensitive learning,8337.0,191.0,5603.0,4.0,0.9776031894934334,0.9995204411941014,0.9832776524230776,0.9713417822617171,
BOOKKEEPER,output-mean,53.64,50.0,50.0,Random Forest,Oversampling,Best First,Sensitive learning,2640.5,84.16666666666667,1763.5,9.333333333333334,0.9275214701792729,0.9793360875989409,0.9370710777969097,0.8827292136725079,
BOOKKEEPER,1,47.87,50.0,50.0,Random Forest,Undersampling,Best First,No cost sensitive,138.0,0.0,118.0,1.0,1.0,0.9928057553956835,0.9983843433727594,0.9921706016755522,
BOOKKEEPER,2,45.67,50.0,50.0,Random Forest,Undersampling,Best First,No cost sensitive,408.0,3.0,321.0,39.0,0.9927007299270073,0.912751677852349,0.9887418178805203,0.8898886032562124,
BOOKKEEPER,3,45.67,50.0,50.0,Random Forest,Undersampling,Best First,No cost sensitive,826.0,8.0,640.0,68.0,0.9904076738609112,0.9239373601789709,0.9900260999254288,0.900124767339592,
BOOKKEEPER,4,45.06,50.0,50.0,Random Forest,Undersampling,Best First,No cost sensitive,1952.0,10.0,1360.0,19.0,0.9949031600407747,0.9903602232369355,0.9988097486547641,0.9820773373925652,
BOOKKEEPER,5,44.94,50.0,50.0,Random Forest,Undersampling,Best First,No cost sensitive,4098.0,33.0,2799.0,9.0,0.9920116194625999,0.997808619430241,0.9994400321072332,0.9874550221751137,
BOOKKEEPER,6,45.05,50.0,50.0,Random Forest,Undersampling,Best First,No cost sensitive,8302.0,72.0,5722.0,39.0,0.9914019584427991,0.9953243016424889,0.9993486972309948,0.9837531186880613,
BOOKKEEPER,output-mean,45.71,50.0,50.0,Random Forest,Undersampling,Best First,No cost sensitive,2620.6666666666665,21.0,1826.6666666666667,29.166666666666668,0.9935708569556821,0.9688313229561115,0.9957917898619502,0.9559115750878494,
BOOKKEEPER,1,47.87,50.0,50.0,Random Forest,Undersampling,Best First,Sensitive threshold,115.0,12.0,106.0,24.0,0.905511811023622,0.8273381294964028,0.9433910498719669,0.7201113262342693,
BOOKKEEPER,2,45.67,50.0,50.0,Random Forest,Undersampling,Best First,Sensitive threshold,370.0,20.0,304.0,77.0,0.9487179487179487,0.8277404921700223,0.9384476758637832,0.7479092720120539,
BOOKKEEPER,3,45.67,50.0,50.0,Random Forest,Undersampling,Best First,Sensitive threshold,820.0,80.0,568.0,74.0,0.9111111111111111,0.9172259507829977,0.9584783329190488,0.7947816528222837,
BOOKKEEPER,4,45.06,50.0,50.0,Random Forest,Undersampling,Best First,Sensitive threshold,1818.0,73.0,1297.0,153.0,0.9613960867265997,0.9223744292237442,0.9794370562943706,0.8614206900095804,
BOOKKEEPER,5,44.94,50.0,50.0,Random Forest,Undersampling,Best First,Sensitive threshold,3940.0,73.0,2759.0,167.0,0.9818091203588338,0.9593377160944728,0.9904896593799479,0.9287756708202217,
BOOKKEEPER,6,45.05,50.0,50.0,Random Forest,Undersampling,Best First,Sensitive threshold,8123.0,182.0,5612.0,218.0,0.9780854906682721,0.9738640450785278,0.9945552714905808,0.9415590321993815,
BOOKKEEPER,output-mean,45.71,50.0,50.0,Random Forest,Undersampling,Best First,Sensitive threshold,2531.0,73.33333333333333,1774.3333333333333,118.83333333333333,0.9477719281010647,0.9046467938076946,0.9674665076366166,0.8324262740162984,
BOOKKEEPER,1,47.87,50.0,50.0,Random Forest,Undersampling,Best First,Sensitive learning,139.0,30.0,88.0,0.0,0.8224852071005917,1.0,0.8728813559322034,0.7603655125256418,
BOOKKEEPER,2,45.67,50.0,50.0,Random Forest,Undersampling,Best First,Sensitive learning,440.0,64.0,260.0,7.0,0.873015873015873,0.9843400447427293,0.8934045902725992,0.8063259565886536,
BOOKKEEPER,3,45.67,50.0,50.0,Random Forest,Undersampling,Best First,Sensitive learning,892.0,140.0,508.0,2.0,0.8643410852713178,0.9977628635346756,0.8908567404093131,0.8053092624009048,
BOOKKEEPER,4,45.06,50.0,50.0,Random Forest,Undersampling,Best First,Sensitive learning,1962.0,32.0,1338.0,9.0,0.9839518555667001,0.9954337899543378,0.9860380628603806,0.9745705965247479,
BOOKKEEPER,5,44.94,50.0,50.0,Random Forest,Undersampling,Best First,Sensitive learning,4105.0,64.0,2768.0,2.0,0.9846485967858,0.9995130265400536,0.9884570782417782,0.9802452642233762,
BOOKKEEPER,6,45.05,50.0,50.0,Random Forest,Undersampling,Best First,Sensitive learning,8337.0,186.0,5608.0,4.0,0.9781766983456529,0.9995204411941014,0.9837091332653283,0.9720803051781233,
BOOKKEEPER,output-mean,45.71,50.0,50.0,Random Forest,Undersampling,Best First,Sensitive learning,2645.8333333333335,86.0,1761.6666666666667,4.0,0.9177698860143225,0.9960950276609828,0.9358911601636004,0.8831494829069081,
BOOKKEEPER,1,59.34,50.0,50.0,Random Forest,Smote,Best First,No cost sensitive,139.0,0.0,118.0,0.0,1.0,1.0,1.0,1.0,
BOOKKEEPER,2,58.68,50.0,50.0,Random Forest,Smote,Best First,No cost sensitive,413.0,4.0,320.0,34.0,0.9904076738609112,0.9239373601789709,0.9909685972325794,0.900124767339592,
BOOKKEEPER,3,58.68,50.0,50.0,Random Forest,Smote,Best First,No cost sensitive,826.0,8.0,640.0,68.0,0.9904076738609112,0.9239373601789709,0.9909685972325794,0.900124767339592,
BOOKKEEPER,4,58.51,50.0,50.0,Random Forest,Smote,Best First,No cost sensitive,1970.0,10.0,1360.0,1.0,0.9949494949494949,0.9994926433282597,0.9995711539957115,0.9931881172116117,
BOOKKEEPER,5,58.47,50.0,50.0,Random Forest,Smote,Best First,No cost sensitive,4105.0,33.0,2799.0,2.0,0.9920251329144514,0.9995130265400536,0.9995202486040782,0.9895418340203604,
BOOKKEEPER,6,58.5,50.0,50.0,Random Forest,Smote,Best First,No cost sensitive,8305.0,72.0,5722.0,36.0,0.9914050376029605,0.9956839707469128,0.9994022999703235,0.9841909727345489,
BOOKKEEPER,output-mean,58.7,50.0,50.0,Random Forest,Smote,Best First,No cost sensitive,2626.3333333333335,21.166666666666668,1826.5,23.5,0.9931991688647881,0.9737607268288614,0.996738482839212,0.9611950764409508,
BOOKKEEPER,1,59.34,50.0,50.0,Random Forest,Smote,Best First,Sensitive threshold,139.0,18.0,100.0,0.0,0.8853503184713376,1.0,1.0,0.8573367051131808,
BOOKKEEPER,2,58.68,50.0,50.0,Random Forest,Smote,Best First,Sensitive threshold,447.0,72.0,252.0,0.0,0.861271676300578,1.0,0.9909685972325794,0.8023076923076923,
BOOKKEEPER,3,58.68,50.0,50.0,Random Forest,Smote,Best First,Sensitive threshold,894.0,144.0,504.0,0.0,0.861271676300578,1.0,0.9909685972325794,0.8023076923076923,
BOOKKEEPER,4,58.51,50.0,50.0,Random Forest,Smote,Best First,Sensitive threshold,1970.0,30.0,1340.0,1.0,0.985,0.9994926433282597,0.9995278249952783,0.9807600103360307,
BOOKKEEPER,5,58.47,50.0,50.0,Random Forest,Smote,Best First,Sensitive threshold,4105.0,62.0,2770.0,2.0,0.9851211903047756,0.9995130265400536,0.999494713449134,0.9808459994130827,
BOOKKEEPER,6,58.5,50.0,50.0,Random Forest,Smote,Best First,Sensitive threshold,8337.0,153.0,5641.0,4.0,0.9819787985865724,0.9995204411941014,0.9994187915291904,0.9769496563551842,
BOOKKEEPER,output-mean,58.7,50.0,50.0,Random Forest,Smote,Best First,Sensitive threshold,2648.6666666666665,79.83333333333333,1767.8333333333333,1.1666666666666667,0.9266656099939737,0.9997543518437357,0.9967297540731269,0.9000846259721439,
BOOKKEEPER,1,59.34,50.0,50.0,Random Forest,Smote,Best First,Sensitive learning,139.0,24.0,94.0,0.0,0.852760736196319,1.0,0.8983050847457628,0.8090402476780186,
BOOKKEEPER,2,58.68,50.0,50.0,Random Forest,Smote,Best First,Sensitive learning,447.0,72.0,252.0,0.0,0.861271676300578,1.0,0.8888888888888888,0.8023076923076923,
BOOKKEEPER,3,58.68,50.0,50.0,Random Forest,Smote,Best First,Sensitive learning,894.0,144.0,504.0,0.0,0.861271676300578,1.0,0.8888888888888888,0.8023076923076923,
BOOKKEEPER,4,58.51,50.0,50.0,Random Forest,Smote,Best First,Sensitive learning,1970.0,35.0,1335.0,1.0,0.9825436408977556,0.9994926433282597,0.9869725990363927,0.9776443066363377,
BOOKKEEPER,5,58.47,50.0,50.0,Random Forest,Smote,Best First,Sensitive learning,4105.0,57.0,2775.0,2.0,0.986304661220567,0.9995130265400536,0.9896929539479928,0.9823472594316563,
BOOKKEEPER,6,58.5,50.0,50.0,Random Forest,Smote,Best First,Sensitive learning,8337.0,169.0,5625.0,4.0,0.9801316717611098,0.9995204411941014,0.9851761681289803,0.9745898210502965,
BOOKKEEPER,output-mean,58.7,50.0,50.0,Random Forest,Smote,Best First,Sensitive learning,2648.6666666666665,83.5,1764.1666666666667,1.1666666666666667,0.9207140104461513,0.9997543518437357,0.9396540972728177,0.8913728365686157,
BOOKKEEPER,1,33.33,45.91,40.08,IBk,No sampling,No selection,No cost sensitive,281.0,9.0,197.0,27.0,0.9689655172413794,0.9123376623376623,0.9348206405245241,0.8562595158934841,
BOOKKEEPER,2,60.0,42.02,40.08,IBk,No sampling,No selection,No cost sensitive,308.0,0.0,206.0,0.0,1.0,1.0,1.0,1.0,
BOOKKEEPER,3,66.67,42.02,36.32,IBk,No sampling,No selection,No cost sensitive,455.0,25.0,255.0,36.0,0.9479166666666666,0.9266802443991853,0.9300298225196392,0.8303850606424529,
BOOKKEEPER,4,76.47,41.01,36.19,IBk,No sampling,No selection,No cost sensitive,647.0,38.0,334.0,9.0,0.9445255474452555,0.9862804878048781,0.976576842381327,0.899305584501113,
BOOKKEEPER,5,84.38,40.81,39.07,IBk,No sampling,No selection,No cost sensitive,775.0,87.0,415.0,8.0,0.8990719257540604,0.9897828863346104,0.9585171447034341,0.8402019548834782,
BOOKKEEPER,6,90.16,40.99,36.19,IBk,No sampling,No selection,No cost sensitive,907.0,50.0,508.0,77.0,0.9477533960292581,0.9217479674796748,0.9659297869860419,0.8235166891062554,
BOOKKEEPER,output-mean,68.5,42.13,37.99,IBk,No sampling,No selection,No cost sensitive,562.1666666666666,34.833333333333336,319.1666666666667,26.166666666666668,0.9513721755227699,0.9561382080593351,0.960979039519161,0.8749448008377972,
BOOKKEEPER,1,33.33,45.91,40.08,IBk,No sampling,No selection,Sensitive threshold,281.0,9.0,197.0,27.0,0.9689655172413794,0.9123376623376623,0.9348206405245241,0.8562595158934841,
BOOKKEEPER,2,60.0,42.02,40.08,IBk,No sampling,No selection,Sensitive threshold,308.0,0.0,206.0,0.0,1.0,1.0,1.0,1.0,
BOOKKEEPER,3,66.67,42.02,36.32,IBk,No sampling,No selection,Sensitive threshold,455.0,25.0,255.0,36.0,0.9479166666666666,0.9266802443991853,0.9300298225196392,0.8303850606424529,
BOOKKEEPER,4,76.47,41.01,36.19,IBk,No sampling,No selection,Sensitive threshold,647.0,38.0,334.0,9.0,0.9445255474452555,0.9862804878048781,0.976576842381327,0.899305584501113,
BOOKKEEPER,5,84.38,40.81,39.07,IBk,No sampling,No selection,Sensitive threshold,775.0,87.0,415.0,8.0,0.8990719257540604,0.9897828863346104,0.9585171447034341,0.8402019548834782,
BOOKKEEPER,6,90.16,40.99,36.19,IBk,No sampling,No selection,Sensitive threshold,907.0,50.0,508.0,77.0,0.9477533960292581,0.9217479674796748,0.9659297869860419,0.8235166891062554,
BOOKKEEPER,output-mean,68.5,42.13,37.99,IBk,No sampling,No selection,Sensitive threshold,562.1666666666666,34.833333333333336,319.1666666666667,26.166666666666668,0.9513721755227699,0.9561382080593351,0.960979039519161,0.8749448008377972,
BOOKKEEPER,1,33.33,45.91,40.08,IBk,No sampling,No selection,Sensitive learning,281.0,9.0,197.0,27.0,0.9689655172413794,0.9123376623376623,0.9343241709746564,0.8562595158934841,
BOOKKEEPER,2,60.0,42.02,40.08,IBk,No sampling,No selection,Sensitive learning,308.0,0.0,206.0,0.0,1.0,1.0,1.0,1.0,
BOOKKEEPER,3,66.67,42.02,36.32,IBk,No sampling,No selection,Sensitive learning,455.0,25.0,255.0,36.0,0.9479166666666666,0.9266802443991853,0.9186972650567355,0.8303850606424529,
BOOKKEEPER,4,76.47,41.01,36.19,IBk,No sampling,No selection,Sensitive learning,647.0,38.0,334.0,9.0,0.9445255474452555,0.9862804878048781,0.9420649750852347,0.899305584501113,
BOOKKEEPER,5,84.38,40.81,39.07,IBk,No sampling,No selection,Sensitive learning,775.0,87.0,415.0,8.0,0.8990719257540604,0.9897828863346104,0.908238056713122,0.8402019548834782,
BOOKKEEPER,6,90.16,40.99,36.19,IBk,No sampling,No selection,Sensitive learning,907.0,50.0,508.0,77.0,0.9477533960292581,0.9217479674796748,0.9160711163563249,0.8235166891062554,
BOOKKEEPER,output-mean,68.5,42.13,37.99,IBk,No sampling,No selection,Sensitive learning,562.1666666666666,34.833333333333336,319.1666666666667,26.166666666666668,0.9513721755227699,0.9561382080593351,0.9365659306976789,0.8749448008377972,
BOOKKEEPER,1,35.1,50.0,50.0,IBk,Oversampling,No selection,No cost sensitive,247.0,14.0,192.0,61.0,0.946360153256705,0.801948051948052,0.8592942251922835,0.7072670665957931,
BOOKKEEPER,2,63.49,50.0,50.0,IBk,Oversampling,No selection,No cost sensitive,296.0,16.0,190.0,12.0,0.9487179487179487,0.961038961038961,0.954080506871769,0.8862184555056606,
BOOKKEEPER,3,69.87,50.0,50.0,IBk,Oversampling,No selection,No cost sensitive,454.0,31.0,249.0,37.0,0.9360824742268041,0.924643584521385,0.9289533022985161,0.8101988951076292,
BOOKKEEPER,4,79.32,50.0,50.0,IBk,Oversampling,No selection,No cost sensitive,616.0,44.0,328.0,40.0,0.9333333333333333,0.9390243902439024,0.9331481117230527,0.8226596129201852,
BOOKKEEPER,5,86.47,50.0,50.0,IBk,Oversampling,No selection,No cost sensitive,754.0,100.0,402.0,29.0,0.882903981264637,0.9629629629629629,0.9364483318323131,0.7836477281477876,
BOOKKEEPER,6,91.54,50.0,50.0,IBk,Oversampling,No selection,No cost sensitive,904.0,69.0,489.0,80.0,0.9290853031860226,0.9186991869918699,0.9472072879330944,0.791665079840048,
BOOKKEEPER,output-mean,70.97,50.0,50.0,IBk,Oversampling,No selection,No cost sensitive,545.1666666666666,45.666666666666664,308.3333333333333,43.166666666666664,0.9294138656642419,0.9180528562845223,0.9265219609751716,0.800276139686184,
BOOKKEEPER,1,35.1,50.0,50.0,IBk,Oversampling,No selection,Sensitive threshold,263.0,68.0,138.0,45.0,0.7945619335347432,0.8538961038961039,0.7563674189887782,0.5336651947009233,
BOOKKEEPER,2,63.49,50.0,50.0,IBk,Oversampling,No selection,Sensitive threshold,297.0,54.0,152.0,11.0,0.8461538461538461,0.9642857142857143,0.8769543563232883,0.7272875683617664,
BOOKKEEPER,3,69.87,50.0,50.0,IBk,Oversampling,No selection,Sensitive threshold,452.0,56.0,224.0,39.0,0.889763779527559,0.9205702647657841,0.8774003491416933,0.7300947404494921,
BOOKKEEPER,4,79.32,50.0,50.0,IBk,Oversampling,No selection,Sensitive threshold,618.0,77.0,295.0,38.0,0.8892086330935252,0.9420731707317073,0.8917641948596905,0.7521530939981718,
BOOKKEEPER,5,86.47,50.0,50.0,IBk,Oversampling,No selection,Sensitive threshold,758.0,146.0,356.0,25.0,0.838495575221239,0.9680715197956578,0.8878750642385758,0.7078500952626604,
BOOKKEEPER,6,91.54,50.0,50.0,IBk,Oversampling,No selection,Sensitive threshold,926.0,134.0,424.0,58.0,0.8735849056603774,0.9410569105691057,0.9076997187982633,0.7222059585200531,
BOOKKEEPER,output-mean,70.97,50.0,50.0,IBk,Oversampling,No selection,Sensitive threshold,552.3333333333334,89.16666666666667,264.8333333333333,36.0,0.8552947788652149,0.9316589473406789,0.8663435170583815,0.6955427752155111,
BOOKKEEPER,1,35.1,50.0,50.0,IBk,Oversampling,No selection,Sensitive learning,247.0,14.0,192.0,61.0,0.946360153256705,0.801948051948052,0.8669934434497542,0.7072670665957931,
BOOKKEEPER,2,63.49,50.0,50.0,IBk,Oversampling,No selection,Sensitive learning,296.0,16.0,190.0,12.0,0.9487179487179487,0.961038961038961,0.9416845290631698,0.8862184555056606,
BOOKKEEPER,3,69.87,50.0,50.0,IBk,Oversampling,No selection,Sensitive learning,454.0,31.0,249.0,37.0,0.9360824742268041,0.924643584521385,0.9069646494035496,0.8101988951076292,
BOOKKEEPER,4,79.32,50.0,50.0,IBk,Oversampling,No selection,Sensitive learning,616.0,44.0,328.0,40.0,0.9333333333333333,0.9390243902439024,0.9103724101757147,0.8226596129201852,
BOOKKEEPER,5,86.47,50.0,50.0,IBk,Oversampling,No selection,Sensitive learning,754.0,100.0,402.0,29.0,0.882903981264637,0.9629629629629629,0.8818798878559835,0.7836477281477876,
BOOKKEEPER,6,91.54,50.0,50.0,IBk,Oversampling,No selection,Sensitive learning,904.0,69.0,489.0,80.0,0.9290853031860226,0.9186991869918699,0.8975216365066876,0.791665079840048,
BOOKKEEPER,output-mean,70.97,50.0,50.0,IBk,Oversampling,No selection,Sensitive learning,545.1666666666666,45.666666666666664,308.3333333333333,43.166666666666664,0.9294138656642419,0.9180528562845223,0.9009027594091431,0.800276139686184,
BOOKKEEPER,1,31.47,50.0,50.0,IBk,Undersampling,No selection,No cost sensitive,272.0,9.0,197.0,36.0,0.9679715302491103,0.8831168831168831,0.9199974782499054,0.8215966062475897,
BOOKKEEPER,2,55.77,50.0,50.0,IBk,Undersampling,No selection,No cost sensitive,302.0,0.0,206.0,6.0,1.0,0.9805194805194806,0.9920328457949817,0.9758132823038556,
BOOKKEEPER,3,62.7,50.0,50.0,IBk,Undersampling,No selection,No cost sensitive,453.0,24.0,256.0,38.0,0.949685534591195,0.9226069246435845,0.9287532732033751,0.827997150197543,
BOOKKEEPER,4,72.72,50.0,50.0,IBk,Undersampling,No selection,No cost sensitive,620.0,33.0,339.0,36.0,0.9494640122511485,0.9451219512195121,0.9612325432730133,0.8549198635348404,
BOOKKEEPER,5,81.51,50.0,50.0,IBk,Undersampling,No selection,No cost sensitive,768.0,86.0,416.0,15.0,0.8992974238875878,0.9808429118773946,0.9511977632255143,0.8306079111854769,
BOOKKEEPER,6,88.26,50.0,50.0,IBk,Undersampling,No selection,No cost sensitive,898.0,50.0,508.0,86.0,0.9472573839662447,0.9126016260162602,0.9636577716583618,0.8116607393038042,
BOOKKEEPER,output-mean,65.41,50.0,50.0,IBk,Undersampling,No selection,No cost sensitive,552.1666666666666,33.666666666666664,320.3333333333333,36.166666666666664,0.9522793141575477,0.937468296232186,0.9528119459008586,0.8537659254621849,
BOOKKEEPER,1,31.47,50.0,50.0,IBk,Undersampling,No selection,Sensitive threshold,230.0,56.0,150.0,78.0,0.8041958041958042,0.7467532467532467,0.7454372084226453,0.4666563419544681,
BOOKKEEPER,2,55.77,50.0,50.0,IBk,Undersampling,No selection,Sensitive threshold,224.0,19.0,187.0,84.0,0.9218106995884774,0.7272727272727273,0.8252663598537385,0.6035079310396477,
BOOKKEEPER,3,62.7,50.0,50.0,IBk,Undersampling,No selection,Sensitive threshold,414.0,54.0,226.0,77.0,0.8846153846153846,0.8431771894093686,0.833950392784405,0.6390410738600424,
BOOKKEEPER,4,72.72,50.0,50.0,IBk,Undersampling,No selection,Sensitive threshold,590.0,77.0,295.0,66.0,0.8845577211394303,0.899390243902439,0.8656856477838972,0.6968614673980288,
BOOKKEEPER,5,81.51,50.0,50.0,IBk,Undersampling,No selection,Sensitive threshold,704.0,103.0,399.0,79.0,0.872366790582404,0.8991060025542784,0.8696732864200923,0.6999312280917847,
BOOKKEEPER,6,88.26,50.0,50.0,IBk,Undersampling,No selection,Sensitive threshold,868.0,104.0,454.0,116.0,0.8930041152263375,0.8821138211382114,0.8884927659760469,0.6925101698971045,
BOOKKEEPER,output-mean,65.41,50.0,50.0,IBk,Undersampling,No selection,Sensitive threshold,505.0,68.83333333333333,285.1666666666667,83.33333333333333,0.8767584192246396,0.8329688718383785,0.8380842768734708,0.6330847020401793,
BOOKKEEPER,1,31.47,50.0,50.0,IBk,Undersampling,No selection,Sensitive learning,272.0,9.0,197.0,36.0,0.9679715302491103,0.8831168831168831,0.9197137813642668,0.8215966062475897,
BOOKKEEPER,2,55.77,50.0,50.0,IBk,Undersampling,No selection,Sensitive learning,302.0,0.0,206.0,6.0,1.0,0.9805194805194806,0.9902597402597403,0.9758132823038556,
BOOKKEEPER,3,62.7,50.0,50.0,IBk,Undersampling,No selection,Sensitive learning,453.0,24.0,256.0,38.0,0.949685534591195,0.9226069246435845,0.9184463194646494,0.827997150197543,
BOOKKEEPER,4,72.72,50.0,50.0,IBk,Undersampling,No selection,Sensitive learning,620.0,33.0,339.0,36.0,0.9494640122511485,0.9451219512195121,0.9282061369000787,0.8549198635348404,
BOOKKEEPER,5,81.51,50.0,50.0,IBk,Undersampling,No selection,Sensitive learning,768.0,86.0,416.0,15.0,0.8992974238875878,0.9808429118773946,0.904764085420769,0.8306079111854769,
BOOKKEEPER,6,88.26,50.0,50.0,IBk,Undersampling,No selection,Sensitive learning,898.0,50.0,508.0,86.0,0.9472573839662447,0.9126016260162602,0.9114979456246175,0.8116607393038042,
BOOKKEEPER,output-mean,65.41,50.0,50.0,IBk,Undersampling,No selection,Sensitive learning,552.1666666666666,33.666666666666664,320.3333333333333,36.166666666666664,0.9522793141575477,0.937468296232186,0.9288146681723536,0.8537659254621849,
BOOKKEEPER,1,42.18,50.0,50.0,IBk,Smote,No selection,No cost sensitive,276.0,2.0,204.0,32.0,0.9928057553956835,0.8961038961038961,0.9433079056865464,0.8655237157191665,
BOOKKEEPER,2,68.05,50.0,50.0,IBk,Smote,No selection,No cost sensitive,308.0,0.0,206.0,0.0,1.0,1.0,1.0,1.0,
BOOKKEEPER,3,73.96,50.0,50.0,IBk,Smote,No selection,No cost sensitive,450.0,22.0,258.0,41.0,0.9533898305084746,0.9164969450101833,0.9412496363107361,0.8258838795708483,
BOOKKEEPER,4,82.09,50.0,50.0,IBk,Smote,No selection,No cost sensitive,646.0,36.0,336.0,10.0,0.9472140762463344,0.9847560975609756,0.9782999770521899,0.9016227011733379,
BOOKKEEPER,5,88.38,50.0,50.0,IBk,Smote,No selection,No cost sensitive,775.0,86.0,416.0,8.0,0.9001161440185831,0.9897828863346104,0.9603539863534368,0.8419421784997396,
BOOKKEEPER,6,92.82,50.0,50.0,IBk,Smote,No selection,No cost sensitive,907.0,50.0,508.0,77.0,0.9477533960292581,0.9217479674796748,0.9667575472797739,0.8235166891062554,
BOOKKEEPER,output-mean,74.58,50.0,50.0,IBk,Smote,No selection,No cost sensitive,560.3333333333334,32.666666666666664,321.3333333333333,28.0,0.9568798670330555,0.9514812987482234,0.9649948421137805,0.8764148606782246,
BOOKKEEPER,1,42.18,50.0,50.0,IBk,Smote,No selection,Sensitive threshold,276.0,2.0,204.0,32.0,0.9928057553956835,0.8961038961038961,0.9433079056865464,0.8655237157191665,
BOOKKEEPER,2,68.05,50.0,50.0,IBk,Smote,No selection,Sensitive threshold,308.0,0.0,206.0,0.0,1.0,1.0,1.0,1.0,
BOOKKEEPER,3,73.96,50.0,50.0,IBk,Smote,No selection,Sensitive threshold,450.0,22.0,258.0,41.0,0.9533898305084746,0.9164969450101833,0.9412496363107361,0.8258838795708483,
BOOKKEEPER,4,82.09,50.0,50.0,IBk,Smote,No selection,Sensitive threshold,646.0,36.0,336.0,10.0,0.9472140762463344,0.9847560975609756,0.9782999770521899,0.9016227011733379,
BOOKKEEPER,5,88.38,50.0,50.0,IBk,Smote,No selection,Sensitive threshold,775.0,86.0,416.0,8.0,0.9001161440185831,0.9897828863346104,0.9603539863534368,0.8419421784997396,
BOOKKEEPER,6,92.82,50.0,50.0,IBk,Smote,No selection,Sensitive threshold,907.0,50.0,508.0,77.0,0.9477533960292581,0.9217479674796748,0.9667575472797739,0.8235166891062554,
BOOKKEEPER,output-mean,74.58,50.0,50.0,IBk,Smote,No selection,Sensitive threshold,560.3333333333334,32.666666666666664,321.3333333333333,28.0,0.9568798670330555,0.9514812987482234,0.9649948421137805,0.8764148606782246,
BOOKKEEPER,1,42.18,50.0,50.0,IBk,Smote,No selection,Sensitive learning,276.0,2.0,204.0,32.0,0.9928057553956835,0.8961038961038961,0.9431975791199092,0.8655237157191665,
BOOKKEEPER,2,68.05,50.0,50.0,IBk,Smote,No selection,Sensitive learning,308.0,0.0,206.0,0.0,1.0,1.0,1.0,1.0,
BOOKKEEPER,3,73.96,50.0,50.0,IBk,Smote,No selection,Sensitive learning,450.0,22.0,258.0,41.0,0.9533898305084746,0.9164969450101833,0.9189627582193773,0.8258838795708483,
BOOKKEEPER,4,82.09,50.0,50.0,IBk,Smote,No selection,Sensitive learning,646.0,36.0,336.0,10.0,0.9472140762463344,0.9847560975609756,0.9439909520062942,0.9016227011733379,
BOOKKEEPER,5,88.38,50.0,50.0,IBk,Smote,No selection,Sensitive learning,775.0,86.0,416.0,8.0,0.9001161440185831,0.9897828863346104,0.909234072649377,0.8419421784997396,
BOOKKEEPER,6,92.82,50.0,50.0,IBk,Smote,No selection,Sensitive learning,907.0,50.0,508.0,77.0,0.9477533960292581,0.9217479674796748,0.9160711163563249,0.8235166891062554,
BOOKKEEPER,output-mean,74.58,50.0,50.0,IBk,Smote,No selection,Sensitive learning,560.3333333333334,32.666666666666664,321.3333333333333,28.0,0.9568798670330555,0.9514812987482234,0.9385760797252138,0.8764148606782246,
BOOKKEEPER,1,50.0,45.91,45.91,IBk,No sampling,Best First,No cost sensitive,139.0,0.0,118.0,0.0,1.0,1.0,1.0,1.0,
BOOKKEEPER,2,50.0,42.02,42.02,IBk,No sampling,Best First,No cost sensitive,413.0,4.0,320.0,34.0,0.9904076738609112,0.9239373601789709,0.9909685972325794,0.900124767339592,
BOOKKEEPER,3,50.0,42.02,42.02,IBk,No sampling,Best First,No cost sensitive,826.0,8.0,640.0,68.0,0.9904076738609112,0.9239373601789709,0.9909685972325794,0.900124767339592,
BOOKKEEPER,4,50.0,41.01,41.01,IBk,No sampling,Best First,No cost sensitive,1970.0,10.0,1360.0,1.0,0.9949494949494949,0.9994926433282597,0.9997718746643854,0.9931881172116117,
BOOKKEEPER,5,50.0,40.81,40.81,IBk,No sampling,Best First,No cost sensitive,4105.0,33.0,2799.0,2.0,0.9920251329144514,0.9995130265400536,0.9996019267091186,0.9895418340203604,
BOOKKEEPER,6,50.0,40.99,40.99,IBk,No sampling,Best First,No cost sensitive,8305.0,72.0,5722.0,36.0,0.9914050376029605,0.9956839707469128,0.9994572373464738,0.9841909727345489,
BOOKKEEPER,output-mean,50.0,42.13,42.13,IBk,No sampling,Best First,No cost sensitive,2626.3333333333335,21.166666666666668,1826.5,23.5,0.9931991688647881,0.9737607268288614,0.996794705530856,0.9611950764409508,
BOOKKEEPER,1,50.0,45.91,45.91,IBk,No sampling,Best First,Sensitive threshold,139.0,0.0,118.0,0.0,1.0,1.0,1.0,1.0,
BOOKKEEPER,2,50.0,42.02,42.02,IBk,No sampling,Best First,Sensitive threshold,447.0,72.0,252.0,0.0,0.861271676300578,1.0,0.9909685972325794,0.8023076923076923,
BOOKKEEPER,3,50.0,42.02,42.02,IBk,No sampling,Best First,Sensitive threshold,894.0,144.0,504.0,0.0,0.861271676300578,1.0,0.9909685972325794,0.8023076923076923,
BOOKKEEPER,4,50.0,41.01,41.01,IBk,No sampling,Best First,Sensitive threshold,1970.0,10.0,1360.0,1.0,0.9949494949494949,0.9994926433282597,0.9997718746643854,0.9931881172116117,
BOOKKEEPER,5,50.0,40.81,40.81,IBk,No sampling,Best First,Sensitive threshold,4105.0,33.0,2799.0,2.0,0.9920251329144514,0.9995130265400536,0.9996019267091186,0.9895418340203604,
BOOKKEEPER,6,50.0,40.99,40.99,IBk,No sampling,Best First,Sensitive threshold,8337.0,120.0,5674.0,4.0,0.9858105711245122,0.9995204411941014,0.9994572373464738,0.9818105128539982,
BOOKKEEPER,output-mean,50.0,42.13,42.13,IBk,No sampling,Best First,Sensitive threshold,2648.6666666666665,63.166666666666664,1784.5,1.1666666666666667,0.9492214252649358,0.9997543518437357,0.996794705530856,0.9281926414502258,
BOOKKEEPER,1,50.0,45.91,45.91,IBk,No sampling,Best First,Sensitive learning,139.0,0.0,118.0,0.0,1.0,1.0,1.0,1.0,
BOOKKEEPER,2,50.0,42.02,42.02,IBk,No sampling,Best First,Sensitive learning,447.0,72.0,252.0,0.0,0.861271676300578,1.0,0.8888888888888888,0.8023076923076923,
BOOKKEEPER,3,50.0,42.02,42.02,IBk,No sampling,Best First,Sensitive learning,894.0,144.0,504.0,0.0,0.861271676300578,1.0,0.8888888888888888,0.8023076923076923,
BOOKKEEPER,4,50.0,41.01,41.01,IBk,No sampling,Best First,Sensitive learning,1970.0,10.0,1360.0,1.0,0.9949494949494949,0.9994926433282597,0.9960966866276335,0.9931881172116117,
BOOKKEEPER,5,50.0,40.81,40.81,IBk,No sampling,Best First,Sensitive learning,4105.0,33.0,2799.0,2.0,0.9920251329144514,0.9995130265400536,0.9939302420835862,0.9895418340203604,
BOOKKEEPER,6,50.0,40.99,40.99,IBk,No sampling,Best First,Sensitive learning,8337.0,120.0,5674.0,4.0,0.9858105711245122,0.9995204411941014,0.9894046803830362,0.9818105128539982,
BOOKKEEPER,output-mean,50.0,42.13,42.13,IBk,No sampling,Best First,Sensitive learning,2648.6666666666665,63.166666666666664,1784.5,1.1666666666666667,0.9492214252649358,0.9997543518437357,0.9595348978120056,0.9281926414502258,
BOOKKEEPER,1,51.96,50.0,50.0,IBk,Oversampling,Best First,No cost sensitive,113.0,6.0,112.0,26.0,0.9495798319327731,0.8129496402877698,0.8913242287525911,0.752468095352757,
BOOKKEEPER,2,53.69,50.0,50.0,IBk,Oversampling,Best First,No cost sensitive,412.0,38.0,286.0,35.0,0.9155555555555556,0.9217002237136466,0.9412130251056425,0.8054423461821651,
BOOKKEEPER,3,53.69,50.0,50.0,IBk,Oversampling,Best First,No cost sensitive,838.0,44.0,604.0,56.0,0.9501133786848073,0.9373601789709173,0.985500041428453,0.8672493233331268,
BOOKKEEPER,4,54.13,50.0,50.0,IBk,Oversampling,Best First,No cost sensitive,1938.0,18.0,1352.0,33.0,0.99079754601227,0.9832572298325722,0.991732123083988,0.9685018453458742,
BOOKKEEPER,5,54.21,50.0,50.0,IBk,Oversampling,Best First,No cost sensitive,4086.0,52.0,2780.0,21.0,0.9874335427742871,0.9948867786705624,0.9967122413297402,0.9781872538138944,
BOOKKEEPER,6,54.13,50.0,50.0,IBk,Oversampling,Best First,No cost sensitive,8284.0,95.0,5699.0,57.0,0.9886621315192744,0.9931662870159453,0.9981196208704423,0.9777490841272733,
BOOKKEEPER,output-mean,53.64,50.0,50.0,IBk,Oversampling,Best First,No cost sensitive,2611.8333333333335,42.166666666666664,1805.5,38.0,0.9636903310798278,0.940553389748569,0.9674335467618095,0.8915996580258484,
BOOKKEEPER,1,51.96,50.0,50.0,IBk,Oversampling,Best First,Sensitive threshold,127.0,37.0,81.0,12.0,0.774390243902439,0.9136690647482014,0.784843311791245,0.6098701942439357,
BOOKKEEPER,2,53.69,50.0,50.0,IBk,Oversampling,Best First,Sensitive threshold,424.0,113.0,211.0,23.0,0.7895716945996276,0.9485458612975392,0.8410493827160493,0.6236135340612952,
BOOKKEEPER,3,53.69,50.0,50.0,IBk,Oversampling,Best First,Sensitive threshold,852.0,102.0,546.0,42.0,0.8930817610062893,0.9530201342281879,0.951694423730218,0.8058790205828665,
BOOKKEEPER,4,54.13,50.0,50.0,IBk,Oversampling,Best First,Sensitive threshold,1932.0,70.0,1300.0,39.0,0.965034965034965,0.9802130898021308,0.9801904994685716,0.9323346046913837,
BOOKKEEPER,5,54.21,50.0,50.0,IBk,Oversampling,Best First,Sensitive threshold,4088.0,107.0,2725.0,19.0,0.9744934445768773,0.9953737521305089,0.9902294071442033,0.962232408610199,
BOOKKEEPER,6,54.13,50.0,50.0,IBk,Oversampling,Best First,Sensitive threshold,8277.0,181.0,5613.0,64.0,0.9786001418775124,0.9923270591056228,0.9948409458465626,0.964060143979023,
BOOKKEEPER,output-mean,53.64,50.0,50.0,IBk,Oversampling,Best First,Sensitive threshold,2616.6666666666665,101.66666666666667,1746.0,33.166666666666664,0.8958620418329518,0.9638581602186985,0.9238079951161416,0.8163316510281172,
BOOKKEEPER,1,51.96,50.0,50.0,IBk,Oversampling,Best First,Sensitive learning,113.0,6.0,112.0,26.0,0.9495798319327731,0.8129496402877698,0.8810510913303256,0.752468095352757,
BOOKKEEPER,2,53.69,50.0,50.0,IBk,Oversampling,Best First,Sensitive learning,419.0,52.0,272.0,28.0,0.8895966029723992,0.9373601789709173,0.8884331759052116,0.7848652268541771,
BOOKKEEPER,3,53.69,50.0,50.0,IBk,Oversampling,Best First,Sensitive learning,878.0,118.0,530.0,16.0,0.8815261044176707,0.9821029082774049,0.9000020714226531,0.8177131302865732,
BOOKKEEPER,4,54.13,50.0,50.0,IBk,Oversampling,Best First,Sensitive learning,1938.0,18.0,1352.0,33.0,0.99079754601227,0.9832572298325722,0.9850592718505927,0.9685018453458742,
BOOKKEEPER,5,54.21,50.0,50.0,IBk,Oversampling,Best First,Sensitive learning,4086.0,52.0,2780.0,21.0,0.9874335427742871,0.9948867786705624,0.9882625983748292,0.9781872538138944,
BOOKKEEPER,6,54.13,50.0,50.0,IBk,Oversampling,Best First,Sensitive learning,8316.0,143.0,5651.0,25.0,0.9830949284785435,0.9970027574631339,0.9861610266431997,0.9753548758599478,
BOOKKEEPER,output-mean,53.64,50.0,50.0,IBk,Oversampling,Best First,Sensitive learning,2625.0,64.83333333333333,1782.8333333333333,24.833333333333332,0.9470047594313239,0.9512599155837268,0.9381615392544687,0.8795150712522039,
BOOKKEEPER,1,47.87,50.0,50.0,IBk,Undersampling,Best First,No cost sensitive,131.0,0.0,118.0,8.0,1.0,0.9424460431654677,0.9712230215827338,0.937644061628048,
BOOKKEEPER,2,45.67,50.0,50.0,IBk,Undersampling,Best First,No cost sensitive,408.0,3.0,321.0,39.0,0.9927007299270073,0.912751677852349,0.986266467810092,0.8898886032562124,
BOOKKEEPER,3,45.67,50.0,50.0,IBk,Undersampling,Best First,No cost sensitive,826.0,8.0,640.0,68.0,0.9904076738609112,0.9239373601789709,0.9909685972325794,0.900124767339592,
BOOKKEEPER,4,45.06,50.0,50.0,IBk,Undersampling,Best First,No cost sensitive,1955.0,10.0,1360.0,16.0,0.9949109414758269,0.9918822932521563,0.9975320986419877,0.9839260449292081,
BOOKKEEPER,5,44.94,50.0,50.0,IBk,Undersampling,Best First,No cost sensitive,4095.0,33.0,2799.0,12.0,0.9920058139534884,0.9970781592403214,0.998495876201442,0.9865611650011601,
BOOKKEEPER,6,45.05,50.0,50.0,IBk,Undersampling,Best First,No cost sensitive,8297.0,72.0,5722.0,44.0,0.9913968216035368,0.9947248531351157,0.9994128736046786,0.9830235158979225,
BOOKKEEPER,output-mean,45.71,50.0,50.0,IBk,Undersampling,Best First,No cost sensitive,2618.6666666666665,21.0,1826.6666666666667,31.166666666666668,0.9935703301367953,0.9604700644707301,0.9906498225122523,0.9468613596753572,
BOOKKEEPER,1,47.87,50.0,50.0,IBk,Undersampling,Best First,Sensitive threshold,111.0,23.0,95.0,28.0,0.8283582089552238,0.7985611510791367,0.7816729667113766,0.6017198942538516,
BOOKKEEPER,2,45.67,50.0,50.0,IBk,Undersampling,Best First,Sensitive threshold,351.0,39.0,285.0,96.0,0.9,0.785234899328859,0.850608998260005,0.6491520796044049,
BOOKKEEPER,3,45.67,50.0,50.0,IBk,Undersampling,Best First,Sensitive threshold,784.0,103.0,545.0,110.0,0.8838782412626832,0.8769574944071589,0.8636978001491424,0.7169413261216914,
BOOKKEEPER,4,45.06,50.0,50.0,IBk,Undersampling,Best First,Sensitive threshold,1886.0,83.0,1287.0,85.0,0.9578466226510919,0.9568746829020801,0.9486258781529254,0.8960912979553632,
BOOKKEEPER,5,44.94,50.0,50.0,IBk,Undersampling,Best First,Sensitive threshold,3944.0,74.0,2758.0,163.0,0.9815828770532603,0.9603116630143658,0.9805041241424659,0.929646793357308,
BOOKKEEPER,6,45.05,50.0,50.0,IBk,Undersampling,Best First,Sensitive threshold,8121.0,195.0,5599.0,220.0,0.9765512265512265,0.9736242656755785,0.9902697009258903,0.9393499322673144,
BOOKKEEPER,output-mean,45.71,50.0,50.0,IBk,Undersampling,Best First,Sensitive threshold,2532.8333333333335,86.16666666666667,1761.5,117.0,0.9213695294122477,0.8919273594011966,0.9025632447236344,0.7888168872599891,
BOOKKEEPER,1,47.87,50.0,50.0,IBk,Undersampling,Best First,Sensitive learning,131.0,0.0,118.0,8.0,1.0,0.9424460431654677,0.9712230215827338,0.937644061628048,
BOOKKEEPER,2,45.67,50.0,50.0,IBk,Undersampling,Best First,Sensitive learning,437.0,61.0,263.0,10.0,0.8775100401606426,0.9776286353467561,0.8946785152042422,0.8068303320947269,
BOOKKEEPER,3,45.67,50.0,50.0,IBk,Undersampling,Best First,Sensitive learning,892.0,140.0,508.0,2.0,0.8643410852713178,0.9977628635346756,0.8908567404093131,0.8053092624009048,
BOOKKEEPER,4,45.06,50.0,50.0,IBk,Undersampling,Best First,Sensitive learning,1955.0,10.0,1360.0,16.0,0.9949109414758269,0.9918822932521563,0.9922915115895817,0.9839260449292081,
BOOKKEEPER,5,44.94,50.0,50.0,IBk,Undersampling,Best First,Sensitive learning,4095.0,33.0,2799.0,12.0,0.9920058139534884,0.9970781592403214,0.99271280843372,0.9865611650011601,
BOOKKEEPER,6,45.05,50.0,50.0,IBk,Undersampling,Best First,Sensitive learning,8329.0,120.0,5674.0,12.0,0.9857971357557107,0.9985613235823043,0.9889251215771376,0.9806410911293696,
BOOKKEEPER,output-mean,45.71,50.0,50.0,IBk,Undersampling,Best First,Sensitive learning,2639.8333333333335,60.666666666666664,1787.0,10.0,0.9524275027694977,0.9842265530202803,0.9551146197994548,0.9168186595305695,
BOOKKEEPER,1,59.34,50.0,50.0,IBk,Smote,Best First,No cost sensitive,139.0,0.0,118.0,0.0,1.0,1.0,1.0,1.0,
BOOKKEEPER,2,58.68,50.0,50.0,IBk,Smote,Best First,No cost sensitive,413.0,4.0,320.0,34.0,0.9904076738609112,0.9239373601789709,0.9909685972325794,0.900124767339592,
BOOKKEEPER,3,58.68,50.0,50.0,IBk,Smote,Best First,No cost sensitive,826.0,8.0,640.0,68.0,0.9904076738609112,0.9239373601789709,0.9909685972325794,0.900124767339592,
BOOKKEEPER,4,58.51,50.0,50.0,IBk,Smote,Best First,No cost sensitive,1970.0,10.0,1360.0,1.0,0.9949494949494949,0.9994926433282597,0.9997718746643854,0.9931881172116117,
BOOKKEEPER,5,58.47,50.0,50.0,IBk,Smote,Best First,No cost sensitive,4105.0,33.0,2799.0,2.0,0.9920251329144514,0.9995130265400536,0.9996019267091186,0.9895418340203604,
BOOKKEEPER,6,58.5,50.0,50.0,IBk,Smote,Best First,No cost sensitive,8305.0,72.0,5722.0,36.0,0.9914050376029605,0.9956839707469128,0.9994572373464738,0.9841909727345489,
BOOKKEEPER,output-mean,58.7,50.0,50.0,IBk,Smote,Best First,No cost sensitive,2626.3333333333335,21.166666666666668,1826.5,23.5,0.9931991688647881,0.9737607268288614,0.996794705530856,0.9611950764409508,
BOOKKEEPER,1,59.34,50.0,50.0,IBk,Smote,Best First,Sensitive threshold,139.0,0.0,118.0,0.0,1.0,1.0,1.0,1.0,
BOOKKEEPER,2,58.68,50.0,50.0,IBk,Smote,Best First,Sensitive threshold,447.0,72.0,252.0,0.0,0.861271676300578,1.0,0.9909685972325794,0.8023076923076923,
BOOKKEEPER,3,58.68,50.0,50.0,IBk,Smote,Best First,Sensitive threshold,894.0,144.0,504.0,0.0,0.861271676300578,1.0,0.9909685972325794,0.8023076923076923,
BOOKKEEPER,4,58.51,50.0,50.0,IBk,Smote,Best First,Sensitive threshold,1970.0,10.0,1360.0,1.0,0.9949494949494949,0.9994926433282597,0.9997718746643854,0.9931881172116117,
BOOKKEEPER,5,58.47,50.0,50.0,IBk,Smote,Best First,Sensitive threshold,4105.0,33.0,2799.0,2.0,0.9920251329144514,0.9995130265400536,0.9996019267091186,0.9895418340203604,
BOOKKEEPER,6,58.5,50.0,50.0,IBk,Smote,Best First,Sensitive threshold,8337.0,120.0,5674.0,4.0,0.9858105711245122,0.9995204411941014,0.9994572373464738,0.9818105128539982,
BOOKKEEPER,output-mean,58.7,50.0,50.0,IBk,Smote,Best First,Sensitive threshold,2648.6666666666665,63.166666666666664,1784.5,1.1666666666666667,0.9492214252649358,0.9997543518437357,0.996794705530856,0.9281926414502258,
BOOKKEEPER,1,59.34,50.0,50.0,IBk,Smote,Best First,Sensitive learning,139.0,0.0,118.0,0.0,1.0,1.0,1.0,1.0,
BOOKKEEPER,2,58.68,50.0,50.0,IBk,Smote,Best First,Sensitive learning,447.0,72.0,252.0,0.0,0.861271676300578,1.0,0.8888888888888888,0.8023076923076923,
BOOKKEEPER,3,58.68,50.0,50.0,IBk,Smote,Best First,Sensitive learning,894.0,144.0,504.0,0.0,0.861271676300578,1.0,0.8888888888888888,0.8023076923076923,
BOOKKEEPER,4,58.51,50.0,50.0,IBk,Smote,Best First,Sensitive learning,1970.0,10.0,1360.0,1.0,0.9949494949494949,0.9994926433282597,0.9960966866276335,0.9931881172116117,
BOOKKEEPER,5,58.47,50.0,50.0,IBk,Smote,Best First,Sensitive learning,4105.0,33.0,2799.0,2.0,0.9920251329144514,0.9995130265400536,0.9939302420835862,0.9895418340203604,
BOOKKEEPER,6,58.5,50.0,50.0,IBk,Smote,Best First,Sensitive learning,8337.0,120.0,5674.0,4.0,0.9858105711245122,0.9995204411941014,0.9894046803830362,0.9818105128539982,
BOOKKEEPER,output-mean,58.7,50.0,50.0,IBk,Smote,Best First,Sensitive learning,2648.6666666666665,63.166666666666664,1784.5,1.1666666666666667,0.9492214252649358,0.9997543518437357,0.9595348978120056,0.9281926414502258,
BOOKKEEPER,1,33.33,45.91,40.08,Naive Bayes,No sampling,No selection,No cost sensitive,256.0,77.0,129.0,52.0,0.7687687687687688,0.8311688311688312,0.8430052956751986,0.4667620993035562,
BOOKKEEPER,2,60.0,42.02,40.08,Naive Bayes,No sampling,No selection,No cost sensitive,281.0,95.0,111.0,27.0,0.7473404255319149,0.9123376623376623,0.8437618207035683,0.47725908636212067,
BOOKKEEPER,3,66.67,42.02,36.32,Naive Bayes,No sampling,No selection,No cost sensitive,423.0,119.0,161.0,68.0,0.7804428044280443,0.8615071283095723,0.8204066045970323,0.45428635233290054,
BOOKKEEPER,4,76.47,41.01,36.19,Naive Bayes,No sampling,No selection,No cost sensitive,585.0,171.0,201.0,71.0,0.7738095238095238,0.8917682926829268,0.819470397324941,0.45878728810609476,
BOOKKEEPER,5,84.38,40.81,39.07,Naive Bayes,No sampling,No selection,No cost sensitive,699.0,238.0,264.0,84.0,0.7459978655282817,0.89272030651341,0.8054754163422937,0.4430025657662703,
BOOKKEEPER,6,90.16,40.99,36.19,Naive Bayes,No sampling,No selection,No cost sensitive,849.0,262.0,296.0,135.0,0.7641764176417641,0.8628048780487805,0.7806644665909025,0.4136500255736839,
BOOKKEEPER,output-mean,68.5,42.13,37.99,Naive Bayes,No sampling,No selection,No cost sensitive,515.5,160.33333333333334,193.66666666666666,72.83333333333333,0.7634226342847162,0.8753845165101971,0.8187973335389893,0.452291236240771,
BOOKKEEPER,1,33.33,45.91,40.08,Naive Bayes,No sampling,No selection,Sensitive threshold,259.0,81.0,125.0,49.0,0.7617647058823529,0.8409090909090909,0.8430052956751986,0.45952504206030803,
BOOKKEEPER,2,60.0,42.02,40.08,Naive Bayes,No sampling,No selection,Sensitive threshold,282.0,97.0,109.0,26.0,0.7440633245382586,0.9155844155844156,0.8437618207035683,0.47162652314172526,
BOOKKEEPER,3,66.67,42.02,36.32,Naive Bayes,No sampling,No selection,Sensitive threshold,435.0,125.0,155.0,56.0,0.7767857142857143,0.8859470468431772,0.8204066045970323,0.4640919197698932,
BOOKKEEPER,4,76.47,41.01,36.19,Naive Bayes,No sampling,No selection,Sensitive threshold,589.0,177.0,195.0,67.0,0.7689295039164491,0.8978658536585366,0.819470397324941,0.45092201810763005,
BOOKKEEPER,5,84.38,40.81,39.07,Naive Bayes,No sampling,No selection,Sensitive threshold,704.0,250.0,252.0,79.0,0.7379454926624738,0.8991060025542784,0.8054143578940941,0.4272105636102271,
BOOKKEEPER,6,90.16,40.99,36.19,Naive Bayes,No sampling,No selection,Sensitive threshold,862.0,276.0,282.0,122.0,0.7574692442882249,0.8760162601626016,0.7806098289477519,0.4056249636817944,
BOOKKEEPER,output-mean,68.5,42.13,37.99,Naive Bayes,No sampling,No selection,Sensitive threshold,521.8333333333334,167.66666666666666,186.33333333333334,66.5,0.7578263309289123,0.8859047782853501,0.8187780508570975,0.44650017172859635,
BOOKKEEPER,1,33.33,45.91,40.08,Naive Bayes,No sampling,No selection,Sensitive learning,259.0,81.0,125.0,49.0,0.7617647058823529,0.8409090909090909,0.7238526037069727,0.45952504206030803,
BOOKKEEPER,2,60.0,42.02,40.08,Naive Bayes,No sampling,No selection,Sensitive learning,282.0,97.0,109.0,26.0,0.7440633245382586,0.9155844155844156,0.7223553145883242,0.47162652314172526,
BOOKKEEPER,3,66.67,42.02,36.32,Naive Bayes,No sampling,No selection,Sensitive learning,435.0,125.0,155.0,56.0,0.7767857142857143,0.8859470468431772,0.7197592377073029,0.4640919197698932,
BOOKKEEPER,4,76.47,41.01,36.19,Naive Bayes,No sampling,No selection,Sensitive learning,589.0,177.0,195.0,67.0,0.7689295039164491,0.8978658536585366,0.7110297010228167,0.45092201810763005,
BOOKKEEPER,5,84.38,40.81,39.07,Naive Bayes,No sampling,No selection,Sensitive learning,704.0,250.0,252.0,79.0,0.7379454926624738,0.8991060025542784,0.7005490172133942,0.4272105636102271,
BOOKKEEPER,6,90.16,40.99,36.19,Naive Bayes,No sampling,No selection,Sensitive learning,862.0,276.0,282.0,122.0,0.7574692442882249,0.8760162601626016,0.6906963021243115,0.4056249636817944,
BOOKKEEPER,output-mean,68.5,42.13,37.99,Naive Bayes,No sampling,No selection,Sensitive learning,521.8333333333334,167.66666666666666,186.33333333333334,66.5,0.7578263309289123,0.8859047782853501,0.7113736960605204,0.44650017172859635,
BOOKKEEPER,1,35.1,50.0,50.0,Naive Bayes,Oversampling,No selection,No cost sensitive,240.0,47.0,159.0,68.0,0.8362369337979094,0.7792207792207793,0.8313422014878326,0.5419178846541329,
BOOKKEEPER,2,63.49,50.0,50.0,Naive Bayes,Oversampling,No selection,No cost sensitive,283.0,101.0,105.0,25.0,0.7369791666666666,0.9188311688311688,0.8448493254318497,0.45642248035990063,
BOOKKEEPER,3,69.87,50.0,50.0,Naive Bayes,Oversampling,No selection,No cost sensitive,427.0,115.0,165.0,64.0,0.7878228782287823,0.869653767820774,0.8236470759383183,0.47763239073577124,
BOOKKEEPER,4,79.32,50.0,50.0,Naive Bayes,Oversampling,No selection,No cost sensitive,575.0,161.0,211.0,81.0,0.78125,0.8765243902439024,0.8153479871492263,0.4653933434190619,
BOOKKEEPER,5,86.47,50.0,50.0,Naive Bayes,Oversampling,No selection,No cost sensitive,692.0,243.0,259.0,91.0,0.7401069518716578,0.8837803320561941,0.8024988169925661,0.42268166043420946,
BOOKKEEPER,6,91.54,50.0,50.0,Naive Bayes,Oversampling,No selection,No cost sensitive,819.0,250.0,308.0,165.0,0.7661365762394762,0.8323170731707317,0.7780236471719556,0.39739192831192893,
BOOKKEEPER,output-mean,70.97,50.0,50.0,Naive Bayes,Oversampling,No selection,No cost sensitive,506.0,152.83333333333334,201.16666666666666,82.33333333333333,0.7747554178007489,0.8600545852239251,0.8159515090286247,0.4602399479858342,
BOOKKEEPER,1,35.1,50.0,50.0,Naive Bayes,Oversampling,No selection,Sensitive threshold,255.0,56.0,150.0,53.0,0.819935691318328,0.827922077922078,0.8583406884377758,0.5574215972825657,
BOOKKEEPER,2,63.49,50.0,50.0,Naive Bayes,Oversampling,No selection,Sensitive threshold,286.0,82.0,124.0,22.0,0.7771739130434783,0.9285714285714286,0.863352666750725,0.5573955090415316,
BOOKKEEPER,3,69.87,50.0,50.0,Naive Bayes,Oversampling,No selection,Sensitive threshold,427.0,117.0,163.0,64.0,0.7849264705882353,0.869653767820774,0.8191155077102124,0.47095084105134255,
BOOKKEEPER,4,79.32,50.0,50.0,Naive Bayes,Oversampling,No selection,Sensitive threshold,578.0,136.0,236.0,78.0,0.8095238095238095,0.8810975609756098,0.837939286650931,0.5335120188637634,
BOOKKEEPER,5,86.47,50.0,50.0,Naive Bayes,Oversampling,No selection,Sensitive threshold,689.0,241.0,261.0,94.0,0.7408602150537634,0.879948914431673,0.7986037968178372,0.4220454469170612,
BOOKKEEPER,6,91.54,50.0,50.0,Naive Bayes,Oversampling,No selection,Sensitive threshold,842.0,264.0,294.0,142.0,0.7613019891500904,0.8556910569105691,0.7773852973744791,0.40157832555258616,
BOOKKEEPER,output-mean,70.97,50.0,50.0,Naive Bayes,Oversampling,No selection,Sensitive threshold,512.8333333333334,149.33333333333334,204.66666666666666,75.5,0.7822870147796176,0.8738141344386888,0.8257895406236601,0.4904839564514751,
BOOKKEEPER,1,35.1,50.0,50.0,Naive Bayes,Oversampling,No selection,Sensitive learning,245.0,52.0,154.0,63.0,0.8249158249158249,0.7954545454545454,0.771513680494263,0.5382680560546174,
BOOKKEEPER,2,63.49,50.0,50.0,Naive Bayes,Oversampling,No selection,Sensitive learning,289.0,103.0,103.0,19.0,0.7372448979591837,0.9383116883116883,0.7191558441558441,0.47004935433709677,
BOOKKEEPER,3,69.87,50.0,50.0,Naive Bayes,Oversampling,No selection,Sensitive learning,435.0,121.0,159.0,56.0,0.7823741007194245,0.8859470468431772,0.72690209485016,0.47762827996708085,
BOOKKEEPER,4,79.32,50.0,50.0,Naive Bayes,Oversampling,No selection,Sensitive learning,580.0,172.0,200.0,76.0,0.7712765957446809,0.8841463414634146,0.7108903750327826,0.44673611111111106,
BOOKKEEPER,5,86.47,50.0,50.0,Naive Bayes,Oversampling,No selection,Sensitive learning,704.0,249.0,253.0,79.0,0.7387198321091291,0.8991060025542784,0.7015450331496492,0.42916889005663894,
BOOKKEEPER,6,91.54,50.0,50.0,Naive Bayes,Oversampling,No selection,Sensitive learning,841.0,265.0,293.0,143.0,0.7603978300180831,0.8546747967479674,0.6898822012413672,0.39863043553067773,
BOOKKEEPER,output-mean,70.97,50.0,50.0,Naive Bayes,Oversampling,No selection,Sensitive learning,515.6666666666666,160.33333333333334,193.66666666666666,72.66666666666667,0.7691548469110544,0.8762734035625118,0.719981538154011,0.4600801878428704,
BOOKKEEPER,1,31.47,50.0,50.0,Naive Bayes,Undersampling,No selection,No cost sensitive,256.0,77.0,129.0,52.0,0.7687687687687688,0.8311688311688312,0.842737359727651,0.4667620993035562,
BOOKKEEPER,2,55.77,50.0,50.0,Naive Bayes,Undersampling,No selection,No cost sensitive,282.0,93.0,113.0,26.0,0.752,0.9155844155844156,0.8494988021687051,0.49054655094867666,
BOOKKEEPER,3,62.7,50.0,50.0,Naive Bayes,Undersampling,No selection,No cost sensitive,432.0,118.0,162.0,59.0,0.7854545454545454,0.879837067209776,0.8198974396275822,0.48014749858101197,
BOOKKEEPER,4,72.72,50.0,50.0,Naive Bayes,Undersampling,No selection,No cost sensitive,583.0,166.0,206.0,73.0,0.7783711615487316,0.8887195121951219,0.8209579071597167,0.4677982549626126,
BOOKKEEPER,5,81.51,50.0,50.0,Naive Bayes,Undersampling,No selection,No cost sensitive,690.0,242.0,260.0,93.0,0.740343347639485,0.8812260536398467,0.7970302697256949,0.4216090279914493,
BOOKKEEPER,6,88.26,50.0,50.0,Naive Bayes,Undersampling,No selection,No cost sensitive,839.0,259.0,299.0,145.0,0.7641165755919854,0.8526422764227642,0.7786428737943294,0.4064597267478421,
BOOKKEEPER,output-mean,65.41,50.0,50.0,Naive Bayes,Undersampling,No selection,No cost sensitive,513.6666666666666,159.16666666666666,194.83333333333334,74.66666666666667,0.7648423998339194,0.8748630260367927,0.8181274420339465,0.45555385975585816,
BOOKKEEPER,1,31.47,50.0,50.0,Naive Bayes,Undersampling,No selection,Sensitive threshold,268.0,83.0,123.0,40.0,0.7635327635327636,0.8701298701298701,0.8274650107174379,0.48394416782303484,
BOOKKEEPER,2,55.77,50.0,50.0,Naive Bayes,Undersampling,No selection,Sensitive threshold,275.0,84.0,122.0,33.0,0.766016713091922,0.8928571428571429,0.8504523389232127,0.505826088385623,
BOOKKEEPER,3,62.7,50.0,50.0,Naive Bayes,Undersampling,No selection,Sensitive threshold,399.0,97.0,183.0,92.0,0.8044354838709677,0.8126272912423625,0.8293715449519931,0.4679943776126758,
BOOKKEEPER,4,72.72,50.0,50.0,Naive Bayes,Undersampling,No selection,Sensitive threshold,582.0,171.0,201.0,74.0,0.7729083665338645,0.8871951219512195,0.8258425124573826,0.4530917492551832,
BOOKKEEPER,5,81.51,50.0,50.0,Naive Bayes,Undersampling,No selection,Sensitive threshold,693.0,246.0,256.0,90.0,0.7380191693290735,0.8850574712643678,0.8001875003180128,0.4183452423292057,
BOOKKEEPER,6,88.26,50.0,50.0,Naive Bayes,Undersampling,No selection,Sensitive threshold,845.0,270.0,288.0,139.0,0.757847533632287,0.858739837398374,0.7782886397412361,0.3949390696683802,
BOOKKEEPER,output-mean,65.41,50.0,50.0,Naive Bayes,Undersampling,No selection,Sensitive threshold,510.3333333333333,158.5,195.5,78.0,0.7671266716651464,0.8677677891405562,0.8186012578515457,0.45402344917901716,
BOOKKEEPER,1,31.47,50.0,50.0,Naive Bayes,Undersampling,No selection,Sensitive learning,261.0,81.0,125.0,47.0,0.7631578947368421,0.8474025974025974,0.7270993569537259,0.4669604951874777,
BOOKKEEPER,2,55.77,50.0,50.0,Naive Bayes,Undersampling,No selection,Sensitive learning,284.0,96.0,110.0,24.0,0.7473684210526316,0.922077922077922,0.7280292523010969,0.484073875802998,
BOOKKEEPER,3,62.7,50.0,50.0,Naive Bayes,Undersampling,No selection,Sensitive learning,436.0,125.0,155.0,55.0,0.7771836007130125,0.8879837067209776,0.720777567646203,0.46662054652369434,
BOOKKEEPER,4,72.72,50.0,50.0,Naive Bayes,Undersampling,No selection,Sensitive learning,587.0,176.0,196.0,69.0,0.7693315858453473,0.8948170731707317,0.7108493968004196,0.449698039661245,
BOOKKEEPER,5,81.51,50.0,50.0,Naive Bayes,Undersampling,No selection,Sensitive learning,700.0,249.0,253.0,83.0,0.7376185458377239,0.8939974457215837,0.6989907547333017,0.42308576497729505,
BOOKKEEPER,6,88.26,50.0,50.0,Naive Bayes,Undersampling,No selection,Sensitive learning,857.0,275.0,283.0,127.0,0.7570671378091873,0.8709349593495935,0.6890517090654777,0.4011338078786896,
BOOKKEEPER,output-mean,65.41,50.0,50.0,Naive Bayes,Undersampling,No selection,Sensitive learning,520.8333333333334,167.0,187.0,67.5,0.7586211976657907,0.8862022840739011,0.7124663395833708,0.4485954216718999,
BOOKKEEPER,1,42.18,50.0,50.0,Naive Bayes,Smote,No selection,No cost sensitive,254.0,67.0,139.0,54.0,0.7912772585669782,0.8246753246753247,0.8462678098600429,0.5047065381858723,
BOOKKEEPER,2,68.05,50.0,50.0,Naive Bayes,Smote,No selection,No cost sensitive,279.0,92.0,114.0,29.0,0.7520215633423181,0.9058441558441559,0.8456531332744925,0.4837386901303227,
BOOKKEEPER,3,73.96,50.0,50.0,Naive Bayes,Smote,No selection,No cost sensitive,416.0,117.0,163.0,75.0,0.7804878048780488,0.8472505091649695,0.8213158277567646,0.4436936767657028,
BOOKKEEPER,4,82.09,50.0,50.0,Naive Bayes,Smote,No selection,No cost sensitive,581.0,166.0,206.0,75.0,0.7777777777777778,0.885670731707317,0.8233100576973512,0.46400415386612426,
BOOKKEEPER,5,88.38,50.0,50.0,Naive Bayes,Smote,No selection,No cost sensitive,699.0,235.0,267.0,84.0,0.7483940042826552,0.89272030651341,0.8076607999674354,0.4488174683105172,
BOOKKEEPER,6,92.82,50.0,50.0,Naive Bayes,Smote,No selection,No cost sensitive,846.0,257.0,301.0,138.0,0.7669990933816863,0.8597560975609756,0.7848196593525075,0.4185020764714307,
BOOKKEEPER,output-mean,74.58,50.0,50.0,Naive Bayes,Smote,No selection,No cost sensitive,512.5,155.66666666666666,198.33333333333334,75.83333333333333,0.7694929170382441,0.8693195209110254,0.8215045479847657,0.4605771006216617,
BOOKKEEPER,1,42.18,50.0,50.0,Naive Bayes,Smote,No selection,Sensitive threshold,256.0,76.0,130.0,52.0,0.7710843373493976,0.8311688311688312,0.8462678098600429,0.4713293905888403,
BOOKKEEPER,2,68.05,50.0,50.0,Naive Bayes,Smote,No selection,Sensitive threshold,282.0,93.0,113.0,26.0,0.752,0.9155844155844156,0.8456531332744925,0.49054655094867666,
BOOKKEEPER,3,73.96,50.0,50.0,Naive Bayes,Smote,No selection,Sensitive threshold,434.0,122.0,158.0,57.0,0.7805755395683454,0.8839103869653768,0.8213158277567646,0.47172577465597443,
BOOKKEEPER,4,82.09,50.0,50.0,Naive Bayes,Smote,No selection,Sensitive threshold,588.0,173.0,199.0,68.0,0.7726675427069645,0.8963414634146342,0.8233100576973512,0.4593535321793628,
BOOKKEEPER,5,88.38,50.0,50.0,Naive Bayes,Smote,No selection,Sensitive threshold,703.0,248.0,254.0,80.0,0.7392218717139852,0.8978288633461047,0.807599741519236,0.4296030444267611,
BOOKKEEPER,6,92.82,50.0,50.0,Naive Bayes,Smote,No selection,Sensitive threshold,859.0,276.0,282.0,125.0,0.7568281938325991,0.8729674796747967,0.7848023574321765,0.40188505133398733,
BOOKKEEPER,output-mean,74.58,50.0,50.0,Naive Bayes,Smote,No selection,Sensitive threshold,520.3333333333334,164.66666666666666,189.33333333333334,68.0,0.7620629141952153,0.8829669066923599,0.8214914879233439,0.45407389068893383,
BOOKKEEPER,1,42.18,50.0,50.0,Naive Bayes,Smote,No selection,Sensitive learning,256.0,76.0,130.0,52.0,0.7710843373493976,0.8311688311688312,0.7311183961669399,0.4713293905888403,
BOOKKEEPER,2,68.05,50.0,50.0,Naive Bayes,Smote,No selection,Sensitive learning,282.0,93.0,113.0,26.0,0.752,0.9155844155844156,0.7320640524524019,0.49054655094867666,
BOOKKEEPER,3,73.96,50.0,50.0,Naive Bayes,Smote,No selection,Sensitive learning,434.0,122.0,158.0,57.0,0.7805755395683454,0.8839103869653768,0.7240980506255456,0.47172577465597443,
BOOKKEEPER,4,82.09,50.0,50.0,Naive Bayes,Smote,No selection,Sensitive learning,588.0,173.0,199.0,68.0,0.7726675427069645,0.8963414634146342,0.715643849986887,0.4593535321793628,
BOOKKEEPER,5,88.38,50.0,50.0,Naive Bayes,Smote,No selection,Sensitive learning,703.0,248.0,254.0,80.0,0.7392218717139852,0.8978288633461047,0.7019024794818173,0.4296030444267611,
BOOKKEEPER,6,92.82,50.0,50.0,Naive Bayes,Smote,No selection,Sensitive learning,859.0,276.0,282.0,125.0,0.7568281938325991,0.8729674796747967,0.6891719118804092,0.40188505133398733,
BOOKKEEPER,output-mean,74.58,50.0,50.0,Naive Bayes,Smote,No selection,Sensitive learning,520.3333333333334,164.66666666666666,189.33333333333334,68.0,0.7620629141952153,0.8829669066923599,0.7156664567656669,0.45407389068893383,
BOOKKEEPER,1,50.0,45.91,45.91,Naive Bayes,No sampling,Best First,No cost sensitive,126.0,42.0,76.0,13.0,0.75,0.9064748201438849,0.8466040726740641,0.5609566702904177,
BOOKKEEPER,2,50.0,42.02,42.02,Naive Bayes,No sampling,Best First,No cost sensitive,425.0,139.0,185.0,22.0,0.7535460992907801,0.9507829977628636,0.8048305576269782,0.5490490981417905,
BOOKKEEPER,3,50.0,42.02,42.02,Naive Bayes,No sampling,Best First,No cost sensitive,850.0,278.0,370.0,44.0,0.7535460992907801,0.9507829977628636,0.8078755489270031,0.5490490981417905,
BOOKKEEPER,4,50.0,41.01,41.01,Naive Bayes,No sampling,Best First,No cost sensitive,1852.0,625.0,745.0,119.0,0.7476786435203876,0.9396245560629122,0.8372549782058831,0.5122660275792839,
BOOKKEEPER,5,50.0,40.81,40.81,Naive Bayes,No sampling,Best First,No cost sensitive,3869.0,1318.0,1514.0,238.0,0.7459032195874301,0.9420501582663745,0.8313652349096692,0.506645633128152,
BOOKKEEPER,6,50.0,40.99,40.99,Naive Bayes,No sampling,Best First,No cost sensitive,7894.0,2804.0,2990.0,447.0,0.7378949336324546,0.9464093034408344,0.8354669554889722,0.49308598909355,
BOOKKEEPER,output-mean,50.0,42.13,42.13,Naive Bayes,No sampling,Best First,No cost sensitive,2502.6666666666665,867.6666666666666,980.0,147.16666666666666,0.7480948325536388,0.9393541389066221,0.8272328913054284,0.5285087527291641,
BOOKKEEPER,1,50.0,45.91,45.91,Naive Bayes,No sampling,Best First,Sensitive threshold,131.0,54.0,64.0,8.0,0.7081081081081081,0.9424460431654677,0.8466040726740641,0.4995288648784471,
BOOKKEEPER,2,50.0,42.02,42.02,Naive Bayes,No sampling,Best First,Sensitive threshold,430.0,164.0,160.0,17.0,0.7239057239057239,0.9619686800894854,0.8048305576269782,0.48614194973764135,
BOOKKEEPER,3,50.0,42.02,42.02,Naive Bayes,No sampling,Best First,Sensitive threshold,854.0,304.0,344.0,40.0,0.7374784110535406,0.9552572706935123,0.8078755489270031,0.5149879306561335,
BOOKKEEPER,4,50.0,41.01,41.01,Naive Bayes,No sampling,Best First,Sensitive threshold,1881.0,679.0,691.0,90.0,0.734765625,0.954337899543379,0.8372549782058831,0.4908940779554195,
BOOKKEEPER,5,50.0,40.81,40.81,Naive Bayes,No sampling,Best First,Sensitive threshold,3916.0,1429.0,1403.0,191.0,0.7326473339569691,0.9534940345751156,0.8313652349096692,0.4815814238946878,
BOOKKEEPER,6,50.0,40.99,40.99,Naive Bayes,No sampling,Best First,Sensitive threshold,7968.0,3021.0,2773.0,373.0,0.7250887250887251,0.955281141349958,0.8354669554889722,0.46642610743782653,
BOOKKEEPER,output-mean,50.0,42.13,42.13,Naive Bayes,No sampling,Best First,Sensitive threshold,2530.0,941.8333333333334,905.8333333333334,119.83333333333333,0.7269989878521779,0.9537975115694862,0.8272328913054284,0.4899267257600259,
BOOKKEEPER,1,50.0,45.91,45.91,Naive Bayes,No sampling,Best First,Sensitive learning,131.0,54.0,64.0,8.0,0.7081081081081081,0.9424460431654677,0.7424094622606999,0.4995288648784471,
BOOKKEEPER,2,50.0,42.02,42.02,Naive Bayes,No sampling,Best First,Sensitive learning,430.0,164.0,160.0,17.0,0.7239057239057239,0.9619686800894854,0.7278979202916563,0.48614194973764135,
BOOKKEEPER,3,50.0,42.02,42.02,Naive Bayes,No sampling,Best First,Sensitive learning,854.0,310.0,338.0,40.0,0.7336769759450171,0.9552572706935123,0.7384311044825587,0.5058615423492315,
BOOKKEEPER,4,50.0,41.01,41.01,Naive Bayes,No sampling,Best First,Sensitive learning,1881.0,679.0,691.0,90.0,0.734765625,0.954337899543379,0.7293587307935873,0.4908940779554195,
BOOKKEEPER,5,50.0,40.81,40.81,Naive Bayes,No sampling,Best First,Sensitive learning,3916.0,1429.0,1403.0,191.0,0.7326473339569691,0.9534940345751156,0.7244518195474449,0.4815814238946878,
BOOKKEEPER,6,50.0,40.99,40.99,Naive Bayes,No sampling,Best First,Sensitive learning,7968.0,3021.0,2773.0,373.0,0.7250887250887251,0.955281141349958,0.7169398457871641,0.46642610743782653,
BOOKKEEPER,output-mean,50.0,42.13,42.13,Naive Bayes,No sampling,Best First,Sensitive learning,2530.0,942.8333333333334,904.8333333333334,119.83333333333333,0.7263654153340906,0.9537975115694862,0.7299148138605185,0.4884056610422089,
BOOKKEEPER,1,51.96,50.0,50.0,Naive Bayes,Oversampling,Best First,No cost sensitive,124.0,29.0,89.0,15.0,0.8104575163398693,0.8920863309352518,0.8439824411657115,0.6521685635189174,
BOOKKEEPER,2,53.69,50.0,50.0,Naive Bayes,Oversampling,Best First,No cost sensitive,427.0,143.0,181.0,20.0,0.7491228070175439,0.9552572706935123,0.7998591432595907,0.542219890939689,
BOOKKEEPER,3,53.69,50.0,50.0,Naive Bayes,Oversampling,Best First,No cost sensitive,842.0,274.0,374.0,52.0,0.7544802867383512,0.941834451901566,0.8048719860800397,0.5446679927392093,
BOOKKEEPER,4,54.13,50.0,50.0,Naive Bayes,Oversampling,Best First,No cost sensitive,1840.0,547.0,823.0,131.0,0.7708420611646418,0.9335362760020294,0.8372264625389313,0.5602004766893622,
BOOKKEEPER,5,54.21,50.0,50.0,Naive Bayes,Oversampling,Best First,No cost sensitive,3877.0,1296.0,1536.0,230.0,0.7494683935820607,0.9439980521061602,0.8326135342855453,0.5165519192939675,
BOOKKEEPER,6,54.13,50.0,50.0,Naive Bayes,Oversampling,Best First,No cost sensitive,7822.0,2665.0,3129.0,519.0,0.7458758462858778,0.9377772449346601,0.8355677464340677,0.5064588802110274,
BOOKKEEPER,output-mean,53.64,50.0,50.0,Naive Bayes,Oversampling,Best First,No cost sensitive,2488.6666666666665,825.6666666666666,1022.0,161.16666666666666,0.7633744851880575,0.9340816044288632,0.8256868856273144,0.5537112872320288,
BOOKKEEPER,1,51.96,50.0,50.0,Naive Bayes,Oversampling,Best First,Sensitive threshold,126.0,31.0,87.0,13.0,0.802547770700637,0.9064748201438849,0.8568772100963297,0.6512675013877753,
BOOKKEEPER,2,53.69,50.0,50.0,Naive Bayes,Oversampling,Best First,Sensitive threshold,425.0,139.0,185.0,22.0,0.7535460992907801,0.9507829977628636,0.8491693595161157,0.5490490981417905,
BOOKKEEPER,3,53.69,50.0,50.0,Naive Bayes,Oversampling,Best First,Sensitive threshold,846.0,282.0,366.0,48.0,0.75,0.9463087248322147,0.8127744635015328,0.5378453490273009,
BOOKKEEPER,4,54.13,50.0,50.0,Naive Bayes,Oversampling,Best First,Sensitive threshold,1848.0,559.0,811.0,123.0,0.7677606979642708,0.9375951293759512,0.8392373725590404,0.5565709397131926,
BOOKKEEPER,5,54.21,50.0,50.0,Naive Bayes,Oversampling,Best First,Sensitive threshold,3837.0,1226.0,1606.0,270.0,0.7578510764368951,0.9342585829072315,0.8304563725429507,0.5290716189901733,
BOOKKEEPER,6,54.13,50.0,50.0,Naive Bayes,Oversampling,Best First,Sensitive threshold,7831.0,2753.0,3041.0,510.0,0.7398904006046864,0.9388562522479319,0.8362850361305845,0.4928393119056532,
BOOKKEEPER,output-mean,53.64,50.0,50.0,Naive Bayes,Oversampling,Best First,Sensitive threshold,2485.5,831.6666666666666,1016.0,164.33333333333334,0.7619326741662116,0.9357127512116796,0.8374666357244257,0.5527739698609809,
BOOKKEEPER,1,51.96,50.0,50.0,Naive Bayes,Oversampling,Best First,Sensitive learning,126.0,34.0,84.0,13.0,0.7875,0.9064748201438849,0.809169613461773,0.6267651330222785,
BOOKKEEPER,2,53.69,50.0,50.0,Naive Bayes,Oversampling,Best First,Sensitive learning,431.0,169.0,155.0,16.0,0.7183333333333334,0.9642058165548099,0.7213004391416025,0.4733548222731753,
BOOKKEEPER,3,53.69,50.0,50.0,Naive Bayes,Oversampling,Best First,Sensitive learning,854.0,298.0,350.0,40.0,0.7413194444444444,0.9552572706935123,0.7476903637418179,0.5240897187250035,
BOOKKEEPER,4,54.13,50.0,50.0,Naive Bayes,Oversampling,Best First,Sensitive learning,1872.0,638.0,732.0,99.0,0.7458167330677291,0.9497716894977168,0.7420391294203913,0.5149673964922593,
BOOKKEEPER,5,54.21,50.0,50.0,Naive Bayes,Oversampling,Best First,Sensitive learning,3916.0,1430.0,1402.0,191.0,0.7325102880658436,0.9534940345751156,0.7242752658751285,0.4812309086992202,
BOOKKEEPER,6,54.13,50.0,50.0,Naive Bayes,Oversampling,Best First,Sensitive learning,7961.0,2952.0,2842.0,380.0,0.7294969302666544,0.9544419134396356,0.7224746674550612,0.4772985235474709,
BOOKKEEPER,output-mean,53.64,50.0,50.0,Naive Bayes,Oversampling,Best First,Sensitive learning,2526.6666666666665,920.1666666666666,927.5,123.16666666666667,0.7424961215296676,0.9472742574841124,0.7444915798492957,0.516284417126568,
BOOKKEEPER,1,47.87,50.0,50.0,Naive Bayes,Undersampling,Best First,No cost sensitive,123.0,35.0,83.0,16.0,0.7784810126582279,0.8848920863309353,0.8448969637849043,0.5955253818855116,
BOOKKEEPER,2,45.67,50.0,50.0,Naive Bayes,Undersampling,Best First,No cost sensitive,425.0,139.0,185.0,22.0,0.7535460992907801,0.9507829977628636,0.817259093545447,0.5490490981417905,
BOOKKEEPER,3,45.67,50.0,50.0,Naive Bayes,Undersampling,Best First,No cost sensitive,844.0,278.0,370.0,50.0,0.7522281639928698,0.9440715883668904,0.8090355456127268,0.5412612377282918,
BOOKKEEPER,4,45.06,50.0,50.0,Naive Bayes,Undersampling,Best First,No cost sensitive,1847.0,597.0,773.0,124.0,0.7557283142389526,0.9370877727042111,0.8381819225484859,0.5291760574653355,
BOOKKEEPER,5,44.94,50.0,50.0,Naive Bayes,Undersampling,Best First,No cost sensitive,3853.0,1293.0,1539.0,254.0,0.7487368830159347,0.9381543705868031,0.8313041052963178,0.5106680518858204,
BOOKKEEPER,6,45.05,50.0,50.0,Naive Bayes,Undersampling,Best First,No cost sensitive,7836.0,2760.0,3034.0,505.0,0.739524348810872,0.9394557007553052,0.8353545563073342,0.49235784798232907,
BOOKKEEPER,output-mean,45.71,50.0,50.0,Naive Bayes,Undersampling,Best First,No cost sensitive,2488.0,850.3333333333334,997.3333333333334,161.83333333333334,0.7547074703346063,0.9324074194178347,0.8293386978492027,0.5363396125148465,
BOOKKEEPER,1,47.87,50.0,50.0,Naive Bayes,Undersampling,Best First,Sensitive threshold,129.0,49.0,69.0,10.0,0.7247191011235955,0.9280575539568345,0.8455066455310328,0.5259340315773019,
BOOKKEEPER,2,45.67,50.0,50.0,Naive Bayes,Undersampling,Best First,Sensitive threshold,410.0,118.0,206.0,37.0,0.7765151515151515,0.9172259507829977,0.8215572955505841,0.5727279552938401,
BOOKKEEPER,3,45.67,50.0,50.0,Naive Bayes,Undersampling,Best First,Sensitive threshold,848.0,298.0,350.0,46.0,0.7399650959860384,0.9485458612975392,0.8038673460932969,0.5162935241721927,
BOOKKEEPER,4,45.06,50.0,50.0,Naive Bayes,Undersampling,Best First,Sensitive threshold,1838.0,589.0,781.0,133.0,0.7573135558302431,0.9325215626585489,0.8393964307272976,0.5294626882674364,
BOOKKEEPER,5,44.94,50.0,50.0,Naive Bayes,Undersampling,Best First,Sensitive threshold,3879.0,1299.0,1533.0,228.0,0.7491309385863267,0.9444850255661067,0.8318403865386229,0.5160942675693306,
BOOKKEEPER,6,45.05,50.0,50.0,Naive Bayes,Undersampling,Best First,Sensitive threshold,7773.0,2613.0,3181.0,568.0,0.7484113229347198,0.9319026495624025,0.8378828964408319,0.5083109603297294,
BOOKKEEPER,output-mean,45.71,50.0,50.0,Naive Bayes,Undersampling,Best First,Sensitive threshold,2479.5,827.6666666666666,1020.0,170.33333333333334,0.7493425276626792,0.9337897673040715,0.8300085001469445,0.5281372378683051,
BOOKKEEPER,1,47.87,50.0,50.0,Naive Bayes,Undersampling,Best First,Sensitive learning,131.0,53.0,65.0,8.0,0.7119565217391305,0.9424460431654677,0.7466467503962931,0.5079255469412096,
BOOKKEEPER,2,45.67,50.0,50.0,Naive Bayes,Undersampling,Best First,Sensitive learning,430.0,161.0,163.0,17.0,0.727580372250423,0.9619686800894854,0.732527549921286,0.49534462977671884,
BOOKKEEPER,3,45.67,50.0,50.0,Naive Bayes,Undersampling,Best First,Sensitive learning,854.0,298.0,350.0,40.0,0.7413194444444444,0.9552572706935123,0.7476903637418179,0.5240897187250035,
BOOKKEEPER,4,45.06,50.0,50.0,Naive Bayes,Undersampling,Best First,Sensitive learning,1878.0,653.0,717.0,93.0,0.7419992097984986,0.9528158295281582,0.7380867468808675,0.5078207259902291,
BOOKKEEPER,5,44.94,50.0,50.0,Naive Bayes,Undersampling,Best First,Sensitive learning,3916.0,1429.0,1403.0,191.0,0.7326473339569691,0.9534940345751156,0.7244518195474449,0.4815814238946878,
BOOKKEEPER,6,45.05,50.0,50.0,Naive Bayes,Undersampling,Best First,Sensitive learning,7968.0,3001.0,2793.0,373.0,0.726410794055976,0.955281141349958,0.7186657691561664,0.4698706760517265,
BOOKKEEPER,output-mean,45.71,50.0,50.0,Naive Bayes,Undersampling,Best First,Sensitive learning,2529.5,932.5,915.1666666666666,120.33333333333333,0.7303189460409069,0.9535438332336161,0.7346781666073126,0.49777212022992917,
BOOKKEEPER,1,59.34,50.0,50.0,Naive Bayes,Smote,Best First,No cost sensitive,123.0,32.0,86.0,16.0,0.7935483870967742,0.8848920863309353,0.8453847091818071,0.6200566711839349,
BOOKKEEPER,2,58.68,50.0,50.0,Naive Bayes,Smote,Best First,No cost sensitive,423.0,135.0,189.0,24.0,0.7580645161290323,0.9463087248322147,0.8102369707515121,0.5558417843284311,
BOOKKEEPER,3,58.68,50.0,50.0,Naive Bayes,Smote,Best First,No cost sensitive,840.0,270.0,378.0,54.0,0.7567567567567568,0.9395973154362416,0.8065084099759715,0.548065650644783,
BOOKKEEPER,4,58.51,50.0,50.0,Naive Bayes,Smote,Best First,No cost sensitive,1848.0,579.0,791.0,123.0,0.761433868974042,0.9375951293759512,0.8373971862073052,0.5424969628306652,
BOOKKEEPER,5,58.47,50.0,50.0,Naive Bayes,Smote,Best First,No cost sensitive,3847.0,1259.0,1573.0,260.0,0.7534273403838622,0.9366934502069637,0.8320794884440097,0.5206391592482974,
BOOKKEEPER,6,58.5,50.0,50.0,Naive Bayes,Smote,Best First,No cost sensitive,7783.0,2551.0,3243.0,558.0,0.7531449583897813,0.933101546577149,0.8331292821925885,0.5201350387587976,
BOOKKEEPER,output-mean,58.7,50.0,50.0,Naive Bayes,Smote,Best First,No cost sensitive,2477.3333333333335,804.3333333333334,1043.3333333333333,172.5,0.7627293046217082,0.9296980421265758,0.8274560077921991,0.5512058778324849,
BOOKKEEPER,1,59.34,50.0,50.0,Naive Bayes,Smote,Best First,Sensitive threshold,129.0,50.0,68.0,10.0,0.7206703910614525,0.9280575539568345,0.8453847091818071,0.5175822800650733,
BOOKKEEPER,2,58.68,50.0,50.0,Naive Bayes,Smote,Best First,Sensitive threshold,430.0,152.0,172.0,17.0,0.738831615120275,0.9619686800894854,0.8102369707515121,0.5228034323258293,
BOOKKEEPER,3,58.68,50.0,50.0,Naive Bayes,Smote,Best First,Sensitive threshold,854.0,298.0,350.0,40.0,0.7413194444444444,0.9552572706935123,0.8065084099759715,0.5240897187250035,
BOOKKEEPER,4,58.51,50.0,50.0,Naive Bayes,Smote,Best First,Sensitive threshold,1869.0,653.0,717.0,102.0,0.7410785091197463,0.9482496194824962,0.8373971862073052,0.5024143935294767,
BOOKKEEPER,5,58.47,50.0,50.0,Naive Bayes,Smote,Best First,Sensitive threshold,3911.0,1402.0,1430.0,196.0,0.7361189535102579,0.9522766009252496,0.8320794884440097,0.4895820818602199,
BOOKKEEPER,6,58.5,50.0,50.0,Naive Bayes,Smote,Best First,Sensitive threshold,7914.0,2989.0,2805.0,427.0,0.7258552691919655,0.9488070974703273,0.8331292821925885,0.4642726102116348,
BOOKKEEPER,output-mean,58.7,50.0,50.0,Naive Bayes,Smote,Best First,Sensitive threshold,2517.8333333333335,924.0,923.6666666666666,132.0,0.7339790304080237,0.9491028037696508,0.8274560077921991,0.5034574194528729,
BOOKKEEPER,1,59.34,50.0,50.0,Naive Bayes,Smote,Best First,Sensitive learning,129.0,50.0,68.0,10.0,0.7206703910614525,0.9280575539568345,0.7521643701987563,0.5175822800650733,
BOOKKEEPER,2,58.68,50.0,50.0,Naive Bayes,Smote,Best First,Sensitive learning,430.0,152.0,172.0,17.0,0.738831615120275,0.9619686800894854,0.7464164388101748,0.5228034323258293,
BOOKKEEPER,3,58.68,50.0,50.0,Naive Bayes,Smote,Best First,Sensitive learning,854.0,298.0,350.0,40.0,0.7413194444444444,0.9552572706935123,0.7476903637418179,0.5240897187250035,
BOOKKEEPER,4,58.51,50.0,50.0,Naive Bayes,Smote,Best First,Sensitive learning,1869.0,653.0,717.0,102.0,0.7410785091197463,0.9482496194824962,0.7358036418580364,0.5024143935294767,
BOOKKEEPER,5,58.47,50.0,50.0,Naive Bayes,Smote,Best First,Sensitive learning,3911.0,1402.0,1430.0,196.0,0.7361189535102579,0.9522766009252496,0.7286100518750541,0.4895820818602199,
BOOKKEEPER,6,58.5,50.0,50.0,Naive Bayes,Smote,Best First,Sensitive learning,7914.0,2989.0,2805.0,427.0,0.7258552691919655,0.9488070974703273,0.7164643012377525,0.4642726102116348,
BOOKKEEPER,output-mean,58.7,50.0,50.0,Naive Bayes,Smote,Best First,Sensitive learning,2517.8333333333335,924.0,923.6666666666666,132.0,0.7339790304080237,0.9491028037696508,0.7378581946202654,0.5034574194528729,
